BEGIN TRANSACTION;
CREATE TABLE IF NOT EXISTS "auth_group" ("id" integer NOT NULL PRIMARY KEY AUTOINCREMENT, "name" varchar(150) NOT NULL UNIQUE);
CREATE TABLE IF NOT EXISTS "auth_group_permissions" ("id" integer NOT NULL PRIMARY KEY AUTOINCREMENT, "group_id" integer NOT NULL REFERENCES "auth_group" ("id") DEFERRABLE INITIALLY DEFERRED, "permission_id" integer NOT NULL REFERENCES "auth_permission" ("id") DEFERRABLE INITIALLY DEFERRED);
CREATE TABLE IF NOT EXISTS "auth_permission" ("id" integer NOT NULL PRIMARY KEY AUTOINCREMENT, "content_type_id" integer NOT NULL REFERENCES "django_content_type" ("id") DEFERRABLE INITIALLY DEFERRED, "codename" varchar(100) NOT NULL, "name" varchar(255) NOT NULL);
CREATE TABLE IF NOT EXISTS "auth_user" ("id" integer NOT NULL PRIMARY KEY AUTOINCREMENT, "password" varchar(128) NOT NULL, "last_login" datetime NULL, "is_superuser" bool NOT NULL, "username" varchar(150) NOT NULL UNIQUE, "last_name" varchar(150) NOT NULL, "email" varchar(254) NOT NULL, "is_staff" bool NOT NULL, "is_active" bool NOT NULL, "date_joined" datetime NOT NULL, "first_name" varchar(150) NOT NULL);
CREATE TABLE IF NOT EXISTS "auth_user_groups" ("id" integer NOT NULL PRIMARY KEY AUTOINCREMENT, "user_id" integer NOT NULL REFERENCES "auth_user" ("id") DEFERRABLE INITIALLY DEFERRED, "group_id" integer NOT NULL REFERENCES "auth_group" ("id") DEFERRABLE INITIALLY DEFERRED);
CREATE TABLE IF NOT EXISTS "auth_user_user_permissions" ("id" integer NOT NULL PRIMARY KEY AUTOINCREMENT, "user_id" integer NOT NULL REFERENCES "auth_user" ("id") DEFERRABLE INITIALLY DEFERRED, "permission_id" integer NOT NULL REFERENCES "auth_permission" ("id") DEFERRABLE INITIALLY DEFERRED);
CREATE TABLE IF NOT EXISTS "django_admin_log" ("id" integer NOT NULL PRIMARY KEY AUTOINCREMENT, "object_id" text NULL, "object_repr" varchar(200) NOT NULL, "action_flag" smallint unsigned NOT NULL CHECK ("action_flag" >= 0), "change_message" text NOT NULL, "content_type_id" integer NULL REFERENCES "django_content_type" ("id") DEFERRABLE INITIALLY DEFERRED, "user_id" integer NOT NULL REFERENCES "auth_user" ("id") DEFERRABLE INITIALLY DEFERRED, "action_time" datetime NOT NULL);
CREATE TABLE IF NOT EXISTS "django_content_type" ("id" integer NOT NULL PRIMARY KEY AUTOINCREMENT, "app_label" varchar(100) NOT NULL, "model" varchar(100) NOT NULL);
CREATE TABLE IF NOT EXISTS "django_migrations" ("id" integer NOT NULL PRIMARY KEY AUTOINCREMENT, "app" varchar(255) NOT NULL, "name" varchar(255) NOT NULL, "applied" datetime NOT NULL);
CREATE TABLE IF NOT EXISTS "django_session" ("session_key" varchar(40) NOT NULL PRIMARY KEY, "session_data" text NOT NULL, "expire_date" datetime NOT NULL);
CREATE TABLE IF NOT EXISTS "rejestr_administratorzy" ("id" integer NOT NULL PRIMARY KEY AUTOINCREMENT, "adm_czynnoscp_id" bigint NULL REFERENCES "rejestr_czynnoscprzetwarzania" ("id") DEFERRABLE INITIALLY DEFERRED, "adm_organizacja_id" bigint NULL REFERENCES "rejestr_organizacja" ("id") DEFERRABLE INITIALLY DEFERRED);
CREATE TABLE IF NOT EXISTS "rejestr_czynnosciprzetwarzania" ("id" integer NOT NULL PRIMARY KEY AUTOINCREMENT, "czp_czynnoscp_id" bigint NULL REFERENCES "rejestr_czynnoscprzetwarzania" ("id") DEFERRABLE INITIALLY DEFERRED, "czp_komorka_id" bigint NULL REFERENCES "rejestr_komorka" ("id") DEFERRABLE INITIALLY DEFERRED);
CREATE TABLE IF NOT EXISTS "rejestr_czynnoscprzetwarzania" (
	"id"	integer NOT NULL,
	"czn_nazwa"	varchar(200) NOT NULL,
	"czn_pozycja_rej"	integer,
	"last_updated"	datetime NOT NULL,
	"czn_status_zatw"	varchar(20),
	"czn_przepis_wrazliwe"	varchar(200) NOT NULL,
	"czn_active"	bool,
	"created"	datetime NOT NULL,
	"czn_zrodlo_danych"	varchar(100),
	"czn_opis_celu"	varchar(200) NOT NULL,
	"OkresRetencji_id"	bigint,
	"Rejestr_id"	bigint,
	"czn_data_obowazywania_do"	date,
	"czn_data_obowazywania_od"	date,
	"czn_data_wyrejestrowania"	date,
	"czn_data_zgloszenia"	date,
	"czn_podstawa_prawna"	varcchar(300),
	PRIMARY KEY("id" AUTOINCREMENT),
	FOREIGN KEY("OkresRetencji_id") REFERENCES "rejestr_okresretencji"("id") DEFERRABLE INITIALLY DEFERRED,
	FOREIGN KEY("Rejestr_id") REFERENCES "rejestr_rejestr"("id") DEFERRABLE INITIALLY DEFERRED
);
CREATE TABLE IF NOT EXISTS "rejestr_grupazabezpieczen" ("id" integer NOT NULL PRIMARY KEY AUTOINCREMENT, "gzb_active" bool NOT NULL, "gzb_opis" varchar(300) NOT NULL, "created" datetime NOT NULL, "last_updated" datetime NOT NULL);
CREATE TABLE IF NOT EXISTS "rejestr_grupazagrozen" ("id" integer NOT NULL PRIMARY KEY AUTOINCREMENT, "gzg_active" bool NOT NULL, "gzg_opis" varchar(300) NOT NULL, "created" datetime NOT NULL, "last_updated" datetime NOT NULL);
CREATE TABLE IF NOT EXISTS "rejestr_iod" ("id" integer NOT NULL PRIMARY KEY AUTOINCREMENT);
CREATE TABLE IF NOT EXISTS "rejestr_kategoriadanych" ("id" integer NOT NULL PRIMARY KEY AUTOINCREMENT, "created" datetime NOT NULL, "last_updated" datetime NOT NULL, "kd_dane_szczegolne" bool NOT NULL, "kd_active" bool NOT NULL, "kd_skrot" varchar(100) NOT NULL, "kd_opis" text NOT NULL);
CREATE TABLE IF NOT EXISTS "rejestr_kategoriaodbiorcow" ("id" integer NOT NULL PRIMARY KEY AUTOINCREMENT, "created" datetime NOT NULL, "last_updated" datetime NOT NULL, "kto_active" bool NOT NULL, "kto_opis" text NOT NULL, "kto_skrot" varchar(100) NOT NULL);
CREATE TABLE IF NOT EXISTS "rejestr_kategoriaosob" ("id" integer NOT NULL PRIMARY KEY AUTOINCREMENT, "created" datetime NOT NULL, "last_updated" datetime NOT NULL, "ko_opis" text NOT NULL, "ko_skrot" varchar(100) NOT NULL, "ko_active" bool NOT NULL);
CREATE TABLE IF NOT EXISTS "rejestr_kategoriedanych" ("id" integer NOT NULL PRIMARY KEY AUTOINCREMENT, "ktd_czynnoscp_id" bigint NULL REFERENCES "rejestr_czynnoscprzetwarzania" ("id") DEFERRABLE INITIALLY DEFERRED, "ktd_dane_id" bigint NULL REFERENCES "rejestr_kategoriadanych" ("id") DEFERRABLE INITIALLY DEFERRED);
CREATE TABLE IF NOT EXISTS "rejestr_kategorieodbiorcow" ("id" integer NOT NULL PRIMARY KEY AUTOINCREMENT, "kob_czynnoscp_id" bigint NULL REFERENCES "rejestr_czynnoscprzetwarzania" ("id") DEFERRABLE INITIALLY DEFERRED, "kob_odbiorcy_id" bigint NULL REFERENCES "rejestr_kategoriaodbiorcow" ("id") DEFERRABLE INITIALLY DEFERRED);
CREATE TABLE IF NOT EXISTS "rejestr_kategorieosob" ("id" integer NOT NULL PRIMARY KEY AUTOINCREMENT, "kos_czynnoscp_id" bigint NULL REFERENCES "rejestr_czynnoscprzetwarzania" ("id") DEFERRABLE INITIALLY DEFERRED, "kos_kosoby_id" bigint NULL REFERENCES "rejestr_kategoriaosob" ("id") DEFERRABLE INITIALLY DEFERRED);
CREATE TABLE IF NOT EXISTS "rejestr_komorka" ("id" integer NOT NULL PRIMARY KEY AUTOINCREMENT, "created" datetime NOT NULL, "kom_adres" varchar(255) NOT NULL, "kom_active" bool NOT NULL, "kom_symbol" varchar(10) NOT NULL, "kom_tel" varchar(100) NOT NULL, "kom_nazwa" varchar(255) NOT NULL, "kom_email" varchar(254) NOT NULL, "last_updated" datetime NOT NULL, "Organizacja_id" bigint NULL REFERENCES "rejestr_organizacja" ("id") DEFERRABLE INITIALLY DEFERRED);
CREATE TABLE IF NOT EXISTS "rejestr_okresretencji" ("id" integer NOT NULL PRIMARY KEY AUTOINCREMENT, "okr_nazwa" varchar(255) NOT NULL, "created" datetime NOT NULL, "last_updated" datetime NOT NULL, "okr_opis_okresu" varchar(200) NOT NULL, "okr_active" bool NOT NULL, "okr_lat_max" integer unsigned NULL CHECK ("okr_lat_max" >= 0));
CREATE TABLE IF NOT EXISTS "rejestr_operacjaprzetwarzania" ("id" integer NOT NULL PRIMARY KEY AUTOINCREMENT, "opp_active" bool NULL, "opp_opis" varchar(100) NOT NULL, "created" datetime NOT NULL, "last_updated" datetime NOT NULL);
CREATE TABLE IF NOT EXISTS "rejestr_operacjeprzetwarzania" ("id" integer NOT NULL PRIMARY KEY AUTOINCREMENT, "opp_czynnoscp_id" bigint NULL REFERENCES "rejestr_czynnoscprzetwarzania" ("id") DEFERRABLE INITIALLY DEFERRED, "opp_operacjap_id" bigint NULL REFERENCES "rejestr_operacjaprzetwarzania" ("id") DEFERRABLE INITIALLY DEFERRED);
CREATE TABLE IF NOT EXISTS "rejestr_organizacja" ("id" integer NOT NULL PRIMARY KEY AUTOINCREMENT, "org_iod_name" varchar(100) NOT NULL, "org_nazwa" varchar(155) NOT NULL, "org_adres" varchar(100) NOT NULL, "created" datetime NOT NULL, "org_www" varchar(100) NOT NULL, "last_updated" datetime NOT NULL, "org_iod_email" varchar(50) NOT NULL, "org_email" varchar(50) NOT NULL, "org_active" bool NOT NULL, "org_skrot" varchar(30) NOT NULL, "org_tel" varchar(100) NOT NULL);
CREATE TABLE IF NOT EXISTS "rejestr_podatnosc" ("id" integer NOT NULL PRIMARY KEY AUTOINCREMENT, "pdt_skrot" varchar(30) NOT NULL, "pdt_opis" varchar(300) NOT NULL, "pdt_active" bool NULL, "pdt_waga" integer NOT NULL);
CREATE TABLE IF NOT EXISTS "rejestr_podatnosc_Zagrozenia" ("id" integer NOT NULL PRIMARY KEY AUTOINCREMENT, "podatnosc_id" bigint NOT NULL REFERENCES "rejestr_podatnosc" ("id") DEFERRABLE INITIALLY DEFERRED, "zagrozenie_id" bigint NOT NULL REFERENCES "rejestr_zagrozenie" ("id") DEFERRABLE INITIALLY DEFERRED);
CREATE TABLE IF NOT EXISTS "rejestr_podmiotprzetwarzajacy" ("id" integer NOT NULL PRIMARY KEY AUTOINCREMENT, "prz_active" bool NOT NULL, "prz_skrot" varchar(30) NOT NULL, "prz_nazwa" varchar(155) NOT NULL, "prz_adres" varchar(100) NOT NULL, "prz_email" varchar(50) NOT NULL, "prz_www" varchar(100) NOT NULL, "prz_tel" varchar(100) NOT NULL, "prz_iod_name" varchar(100) NOT NULL, "prz_iod_email" varchar(50) NOT NULL, "created" datetime NOT NULL, "last_updated" datetime NOT NULL);
CREATE TABLE IF NOT EXISTS "rejestr_podmiotyprzetwarzajace" ("id" integer NOT NULL PRIMARY KEY AUTOINCREMENT, "pod_czynnoscp_id" bigint NULL REFERENCES "rejestr_czynnoscprzetwarzania" ("id") DEFERRABLE INITIALLY DEFERRED, "pod_organizacja_id" bigint NULL REFERENCES "rejestr_podmiotprzetwarzajacy" ("id") DEFERRABLE INITIALLY DEFERRED);
CREATE TABLE IF NOT EXISTS "rejestr_podstawaprawnaprzetwarzania" ("id" integer NOT NULL PRIMARY KEY AUTOINCREMENT, "ppw_active" bool NOT NULL, "ppw_skrot" varchar(100) NOT NULL, "ppw_opis" text NOT NULL, "ppw_tresc" varchar(500) NOT NULL, "created" datetime NOT NULL, "last_updated" datetime NOT NULL);
CREATE TABLE IF NOT EXISTS "rejestr_podstawyprawneprzetwarzania" ("id" integer NOT NULL PRIMARY KEY AUTOINCREMENT, "ppy_czynnosc_id" bigint NULL REFERENCES "rejestr_czynnoscprzetwarzania" ("id") DEFERRABLE INITIALLY DEFERRED, "ppy_podst_id" bigint NULL REFERENCES "rejestr_podstawaprawnaprzetwarzania" ("id") DEFERRABLE INITIALLY DEFERRED);
CREATE TABLE IF NOT EXISTS "rejestr_przeslankalegalnosci" ("id" integer NOT NULL PRIMARY KEY AUTOINCREMENT, "prl_active" bool NULL, "prl_skrot" varchar(100) NOT NULL, "prl_art_rodo" varchar(100) NOT NULL, "created" datetime NOT NULL, "last_updated" datetime NOT NULL, "prl_przepis_rodo" varchar(500) NULL);
CREATE TABLE IF NOT EXISTS "rejestr_przeslankilegalnosci" ("id" integer NOT NULL PRIMARY KEY AUTOINCREMENT, "ppl_czynnoscp_id" bigint NULL REFERENCES "rejestr_czynnoscprzetwarzania" ("id") DEFERRABLE INITIALLY DEFERRED, "ppl_przeslankap_id" bigint NULL REFERENCES "rejestr_przeslankalegalnosci" ("id") DEFERRABLE INITIALLY DEFERRED);
CREATE TABLE IF NOT EXISTS "rejestr_rejestr" ("id" integer NOT NULL PRIMARY KEY AUTOINCREMENT, "rej_opis" text NOT NULL, "rej_active" bool NOT NULL, "last_updated" datetime NOT NULL, "created" datetime NOT NULL, "rej_zakres" varchar(30) NOT NULL, "rej_nazwa" varchar(200) NOT NULL, "Organizacja_id" bigint NULL REFERENCES "rejestr_organizacja" ("id") DEFERRABLE INITIALLY DEFERRED);
CREATE TABLE IF NOT EXISTS "rejestr_ryzyko" ("id" integer NOT NULL PRIMARY KEY AUTOINCREMENT, "rr_SkalaPodatnosci" integer NOT NULL, "rr_prawdopodobienstwo_bp" integer NOT NULL, "rr_prawdopodobienstwo" integer NOT NULL, "rr_odzialywanie" integer NOT NULL, "rr_ryzyko" integer NOT NULL, "rr_redukcja" integer NOT NULL, "rr_szczatkowe" integer NOT NULL, "rr_postepowanie" varchar(30) NOT NULL, "rr_uzasadnieniePrawdopodobienstwa" varchar(500) NOT NULL, "rr_uzasadnienieOddzialywania" varchar(500) NOT NULL, "rr_uzasadnienieOddzialywania_atr" varchar(500) NOT NULL, "rr_uzasadnieniePostepowania" varchar(500) NOT NULL, "rr_analizaRyzyka" varchar(500) NOT NULL, "Zagrozenie_id" bigint NULL REFERENCES "rejestr_zagrozenie" ("id") DEFERRABLE INITIALLY DEFERRED);
CREATE TABLE IF NOT EXISTS "rejestr_ryzyko_Zabezpieczenia" ("id" integer NOT NULL PRIMARY KEY AUTOINCREMENT, "ryzyko_id" bigint NOT NULL REFERENCES "rejestr_ryzyko" ("id") DEFERRABLE INITIALLY DEFERRED, "zabezpieczenie_id" bigint NOT NULL REFERENCES "rejestr_zabezpieczenie" ("id") DEFERRABLE INITIALLY DEFERRED);
CREATE TABLE IF NOT EXISTS "rejestr_ryzyko_ZakresOddzialywania" ("id" integer NOT NULL PRIMARY KEY AUTOINCREMENT, "ryzyko_id" bigint NOT NULL REFERENCES "rejestr_ryzyko" ("id") DEFERRABLE INITIALLY DEFERRED, "zakresoddzialywania_id" bigint NOT NULL REFERENCES "rejestr_zakresoddzialywania" ("id") DEFERRABLE INITIALLY DEFERRED);
CREATE TABLE IF NOT EXISTS "rejestr_sposobprzetwarzania" ("id" integer NOT NULL PRIMARY KEY AUTOINCREMENT, "created" datetime NOT NULL, "last_updated" datetime NOT NULL, "sp_active" bool NOT NULL, "sp_skrot" varchar(100) NOT NULL, "sp_opis" varchar(300) NULL);
CREATE TABLE IF NOT EXISTS "rejestr_sposobyprzetwarzania" ("id" integer NOT NULL PRIMARY KEY AUTOINCREMENT, "spp_czynnoscp_id" bigint NULL REFERENCES "rejestr_czynnoscprzetwarzania" ("id") DEFERRABLE INITIALLY DEFERRED, "spp_sposobp_id" bigint NULL REFERENCES "rejestr_sposobprzetwarzania" ("id") DEFERRABLE INITIALLY DEFERRED);
CREATE TABLE IF NOT EXISTS "rejestr_wspoladministratorzy" ("id" integer NOT NULL PRIMARY KEY AUTOINCREMENT, "wad_czynnoscp_id" bigint NULL REFERENCES "rejestr_czynnoscprzetwarzania" ("id") DEFERRABLE INITIALLY DEFERRED, "wad_organizacja_id" bigint NULL REFERENCES "rejestr_organizacja" ("id") DEFERRABLE INITIALLY DEFERRED);
CREATE TABLE IF NOT EXISTS "rejestr_wysokieryzyka" (
	"id"	integer NOT NULL,
	"wrr_czynnoscp_id"	bigint NOT NULL,
	"wrr_wryzyka_id"	bigint NOT NULL,
	FOREIGN KEY("wrr_czynnoscp_id") REFERENCES "rejestr_czynnoscprzetwarzania"("id") DEFERRABLE INITIALLY DEFERRED,
	FOREIGN KEY("wrr_wryzyka_id") REFERENCES "rejestr_wysokieryzyko"("id") DEFERRABLE INITIALLY DEFERRED,
	PRIMARY KEY("id" AUTOINCREMENT)
);
CREATE TABLE IF NOT EXISTS "rejestr_wysokieryzyko" ("id" integer NOT NULL PRIMARY KEY AUTOINCREMENT, "wr_active" bool NOT NULL, "wr_skrot" varchar(100) NOT NULL, "wr_opis" text NOT NULL, "created" datetime NOT NULL, "last_updated" datetime NOT NULL);
CREATE TABLE IF NOT EXISTS "rejestr_zabezpieczenie" ("id" integer NOT NULL PRIMARY KEY AUTOINCREMENT, "zab_skrot" varchar(30) NOT NULL, "zab_opis" varchar(300) NOT NULL, "created" datetime NOT NULL, "last_updated" datetime NOT NULL, "zab_waga" integer NULL, "zab_active" bool NULL, "komorka" varchar(20) NULL);
CREATE TABLE IF NOT EXISTS "rejestr_zabezpieczenie_GrupyZabezpieczen" ("id" integer NOT NULL PRIMARY KEY AUTOINCREMENT, "zabezpieczenie_id" bigint NOT NULL REFERENCES "rejestr_zabezpieczenie" ("id") DEFERRABLE INITIALLY DEFERRED, "grupazabezpieczen_id" bigint NOT NULL REFERENCES "rejestr_grupazabezpieczen" ("id") DEFERRABLE INITIALLY DEFERRED);
CREATE TABLE IF NOT EXISTS "rejestr_zabezpieczenie_Odpowiedzialni" ("id" integer NOT NULL PRIMARY KEY AUTOINCREMENT, "zabezpieczenie_id" bigint NOT NULL REFERENCES "rejestr_zabezpieczenie" ("id") DEFERRABLE INITIALLY DEFERRED, "organizacja_id" bigint NOT NULL REFERENCES "rejestr_organizacja" ("id") DEFERRABLE INITIALLY DEFERRED);
CREATE TABLE IF NOT EXISTS "rejestr_zagrozenie" ("id" integer NOT NULL PRIMARY KEY AUTOINCREMENT, "zag_active" bool NOT NULL, "zag_skrot" varchar(30) NOT NULL, "zag_opis" varchar(300) NOT NULL, "created" datetime NOT NULL, "last_updated" datetime NOT NULL, "GrupaZagrozen_id" bigint NULL REFERENCES "rejestr_grupazagrozen" ("id") DEFERRABLE INITIALLY DEFERRED);
CREATE TABLE IF NOT EXISTS "rejestr_zakresoddzialywania" ("id" integer NOT NULL PRIMARY KEY AUTOINCREMENT, "zao_Poufnosc" bool NOT NULL, "zao_Integralnosc" bool NOT NULL, "zao_Dostepnosc" bool NOT NULL, "zao_Rozliczalnosc" bool NOT NULL, "zao_CiagloscDzialania" bool NOT NULL, "zao_StratyWizerunkowe" bool NOT NULL, "zao_NaruszeniePrIW" bool NOT NULL);
INSERT INTO "auth_group" ("id","name") VALUES (1,'kierownik');
INSERT INTO "auth_group" ("id","name") VALUES (2,'iod');
INSERT INTO "auth_group_permissions" ("id","group_id","permission_id") VALUES (1,1,37);
INSERT INTO "auth_group_permissions" ("id","group_id","permission_id") VALUES (2,1,40);
INSERT INTO "auth_group_permissions" ("id","group_id","permission_id") VALUES (3,1,73);
INSERT INTO "auth_group_permissions" ("id","group_id","permission_id") VALUES (4,1,76);
INSERT INTO "auth_group_permissions" ("id","group_id","permission_id") VALUES (5,1,53);
INSERT INTO "auth_group_permissions" ("id","group_id","permission_id") VALUES (6,1,54);
INSERT INTO "auth_group_permissions" ("id","group_id","permission_id") VALUES (7,1,56);
INSERT INTO "auth_group_permissions" ("id","group_id","permission_id") VALUES (8,2,1);
INSERT INTO "auth_group_permissions" ("id","group_id","permission_id") VALUES (9,2,4);
INSERT INTO "auth_group_permissions" ("id","group_id","permission_id") VALUES (10,2,25);
INSERT INTO "auth_group_permissions" ("id","group_id","permission_id") VALUES (11,2,26);
INSERT INTO "auth_group_permissions" ("id","group_id","permission_id") VALUES (12,2,28);
INSERT INTO "auth_group_permissions" ("id","group_id","permission_id") VALUES (13,2,29);
INSERT INTO "auth_group_permissions" ("id","group_id","permission_id") VALUES (14,2,30);
INSERT INTO "auth_group_permissions" ("id","group_id","permission_id") VALUES (15,2,32);
INSERT INTO "auth_group_permissions" ("id","group_id","permission_id") VALUES (16,2,37);
INSERT INTO "auth_group_permissions" ("id","group_id","permission_id") VALUES (17,2,40);
INSERT INTO "auth_group_permissions" ("id","group_id","permission_id") VALUES (18,2,41);
INSERT INTO "auth_group_permissions" ("id","group_id","permission_id") VALUES (19,2,42);
INSERT INTO "auth_group_permissions" ("id","group_id","permission_id") VALUES (20,2,44);
INSERT INTO "auth_group_permissions" ("id","group_id","permission_id") VALUES (21,2,61);
INSERT INTO "auth_group_permissions" ("id","group_id","permission_id") VALUES (22,2,62);
INSERT INTO "auth_group_permissions" ("id","group_id","permission_id") VALUES (23,2,63);
INSERT INTO "auth_group_permissions" ("id","group_id","permission_id") VALUES (24,2,64);
INSERT INTO "auth_group_permissions" ("id","group_id","permission_id") VALUES (25,2,65);
INSERT INTO "auth_group_permissions" ("id","group_id","permission_id") VALUES (26,2,66);
INSERT INTO "auth_group_permissions" ("id","group_id","permission_id") VALUES (27,2,68);
INSERT INTO "auth_permission" ("id","content_type_id","codename","name") VALUES (1,1,'add_logentry','Can add log entry');
INSERT INTO "auth_permission" ("id","content_type_id","codename","name") VALUES (2,1,'change_logentry','Can change log entry');
INSERT INTO "auth_permission" ("id","content_type_id","codename","name") VALUES (3,1,'delete_logentry','Can delete log entry');
INSERT INTO "auth_permission" ("id","content_type_id","codename","name") VALUES (4,1,'view_logentry','Can view log entry');
INSERT INTO "auth_permission" ("id","content_type_id","codename","name") VALUES (5,2,'add_permission','Can add permission');
INSERT INTO "auth_permission" ("id","content_type_id","codename","name") VALUES (6,2,'change_permission','Can change permission');
INSERT INTO "auth_permission" ("id","content_type_id","codename","name") VALUES (7,2,'delete_permission','Can delete permission');
INSERT INTO "auth_permission" ("id","content_type_id","codename","name") VALUES (8,2,'view_permission','Can view permission');
INSERT INTO "auth_permission" ("id","content_type_id","codename","name") VALUES (9,3,'add_group','Can add group');
INSERT INTO "auth_permission" ("id","content_type_id","codename","name") VALUES (10,3,'change_group','Can change group');
INSERT INTO "auth_permission" ("id","content_type_id","codename","name") VALUES (11,3,'delete_group','Can delete group');
INSERT INTO "auth_permission" ("id","content_type_id","codename","name") VALUES (12,3,'view_group','Can view group');
INSERT INTO "auth_permission" ("id","content_type_id","codename","name") VALUES (13,4,'add_user','Can add user');
INSERT INTO "auth_permission" ("id","content_type_id","codename","name") VALUES (14,4,'change_user','Can change user');
INSERT INTO "auth_permission" ("id","content_type_id","codename","name") VALUES (15,4,'delete_user','Can delete user');
INSERT INTO "auth_permission" ("id","content_type_id","codename","name") VALUES (16,4,'view_user','Can view user');
INSERT INTO "auth_permission" ("id","content_type_id","codename","name") VALUES (17,5,'add_contenttype','Can add content type');
INSERT INTO "auth_permission" ("id","content_type_id","codename","name") VALUES (18,5,'change_contenttype','Can change content type');
INSERT INTO "auth_permission" ("id","content_type_id","codename","name") VALUES (19,5,'delete_contenttype','Can delete content type');
INSERT INTO "auth_permission" ("id","content_type_id","codename","name") VALUES (20,5,'view_contenttype','Can view content type');
INSERT INTO "auth_permission" ("id","content_type_id","codename","name") VALUES (21,6,'add_session','Can add session');
INSERT INTO "auth_permission" ("id","content_type_id","codename","name") VALUES (22,6,'change_session','Can change session');
INSERT INTO "auth_permission" ("id","content_type_id","codename","name") VALUES (23,6,'delete_session','Can delete session');
INSERT INTO "auth_permission" ("id","content_type_id","codename","name") VALUES (24,6,'view_session','Can view session');
INSERT INTO "auth_permission" ("id","content_type_id","codename","name") VALUES (25,7,'add_kategoriadanych','Can add kategoria danych');
INSERT INTO "auth_permission" ("id","content_type_id","codename","name") VALUES (26,7,'change_kategoriadanych','Can change kategoria danych');
INSERT INTO "auth_permission" ("id","content_type_id","codename","name") VALUES (27,7,'delete_kategoriadanych','Can delete kategoria danych');
INSERT INTO "auth_permission" ("id","content_type_id","codename","name") VALUES (28,7,'view_kategoriadanych','Can view kategoria danych');
INSERT INTO "auth_permission" ("id","content_type_id","codename","name") VALUES (29,8,'add_kategoriaosob','Can add kategoria osob');
INSERT INTO "auth_permission" ("id","content_type_id","codename","name") VALUES (30,8,'change_kategoriaosob','Can change kategoria osob');
INSERT INTO "auth_permission" ("id","content_type_id","codename","name") VALUES (31,8,'delete_kategoriaosob','Can delete kategoria osob');
INSERT INTO "auth_permission" ("id","content_type_id","codename","name") VALUES (32,8,'view_kategoriaosob','Can view kategoria osob');
INSERT INTO "auth_permission" ("id","content_type_id","codename","name") VALUES (33,9,'add_kategorieodbiorcow','Can add kategorie odbiorcow');
INSERT INTO "auth_permission" ("id","content_type_id","codename","name") VALUES (34,9,'change_kategorieodbiorcow','Can change kategorie odbiorcow');
INSERT INTO "auth_permission" ("id","content_type_id","codename","name") VALUES (35,9,'delete_kategorieodbiorcow','Can delete kategorie odbiorcow');
INSERT INTO "auth_permission" ("id","content_type_id","codename","name") VALUES (36,9,'view_kategorieodbiorcow','Can view kategorie odbiorcow');
INSERT INTO "auth_permission" ("id","content_type_id","codename","name") VALUES (37,10,'add_okresretencji','Can add okres retencji');
INSERT INTO "auth_permission" ("id","content_type_id","codename","name") VALUES (38,10,'change_okresretencji','Can change okres retencji');
INSERT INTO "auth_permission" ("id","content_type_id","codename","name") VALUES (39,10,'delete_okresretencji','Can delete okres retencji');
INSERT INTO "auth_permission" ("id","content_type_id","codename","name") VALUES (40,10,'view_okresretencji','Can view okres retencji');
INSERT INTO "auth_permission" ("id","content_type_id","codename","name") VALUES (41,11,'add_sposobprzetwarzania','Can add sposob przetwarzania');
INSERT INTO "auth_permission" ("id","content_type_id","codename","name") VALUES (42,11,'change_sposobprzetwarzania','Can change sposob przetwarzania');
INSERT INTO "auth_permission" ("id","content_type_id","codename","name") VALUES (43,11,'delete_sposobprzetwarzania','Can delete sposob przetwarzania');
INSERT INTO "auth_permission" ("id","content_type_id","codename","name") VALUES (44,11,'view_sposobprzetwarzania','Can view sposob przetwarzania');
INSERT INTO "auth_permission" ("id","content_type_id","codename","name") VALUES (45,12,'add_statuszatwierdzenia','Can add status zatwierdzenia');
INSERT INTO "auth_permission" ("id","content_type_id","codename","name") VALUES (46,12,'change_statuszatwierdzenia','Can change status zatwierdzenia');
INSERT INTO "auth_permission" ("id","content_type_id","codename","name") VALUES (47,12,'delete_statuszatwierdzenia','Can delete status zatwierdzenia');
INSERT INTO "auth_permission" ("id","content_type_id","codename","name") VALUES (48,12,'view_statuszatwierdzenia','Can view status zatwierdzenia');
INSERT INTO "auth_permission" ("id","content_type_id","codename","name") VALUES (49,13,'add_zrodlodanych','Can add zrodlo danych');
INSERT INTO "auth_permission" ("id","content_type_id","codename","name") VALUES (50,13,'change_zrodlodanych','Can change zrodlo danych');
INSERT INTO "auth_permission" ("id","content_type_id","codename","name") VALUES (51,13,'delete_zrodlodanych','Can delete zrodlo danych');
INSERT INTO "auth_permission" ("id","content_type_id","codename","name") VALUES (52,13,'view_zrodlodanych','Can view zrodlo danych');
INSERT INTO "auth_permission" ("id","content_type_id","codename","name") VALUES (53,14,'add_komorka','Can add komorka');
INSERT INTO "auth_permission" ("id","content_type_id","codename","name") VALUES (54,14,'change_komorka','Can change komorka');
INSERT INTO "auth_permission" ("id","content_type_id","codename","name") VALUES (55,14,'delete_komorka','Can delete komorka');
INSERT INTO "auth_permission" ("id","content_type_id","codename","name") VALUES (56,14,'view_komorka','Can view komorka');
INSERT INTO "auth_permission" ("id","content_type_id","codename","name") VALUES (57,15,'add_wysokieryzyka','Can add wysokie ryzyka');
INSERT INTO "auth_permission" ("id","content_type_id","codename","name") VALUES (58,15,'change_wysokieryzyka','Can change wysokie ryzyka');
INSERT INTO "auth_permission" ("id","content_type_id","codename","name") VALUES (59,15,'delete_wysokieryzyka','Can delete wysokie ryzyka');
INSERT INTO "auth_permission" ("id","content_type_id","codename","name") VALUES (60,15,'view_wysokieryzyka','Can view wysokie ryzyka');
INSERT INTO "auth_permission" ("id","content_type_id","codename","name") VALUES (61,16,'add_rejestr','Can add rejestr');
INSERT INTO "auth_permission" ("id","content_type_id","codename","name") VALUES (62,16,'change_rejestr','Can change rejestr');
INSERT INTO "auth_permission" ("id","content_type_id","codename","name") VALUES (63,16,'delete_rejestr','Can delete rejestr');
INSERT INTO "auth_permission" ("id","content_type_id","codename","name") VALUES (64,16,'view_rejestr','Can view rejestr');
INSERT INTO "auth_permission" ("id","content_type_id","codename","name") VALUES (65,17,'add_organizacja','Can add organizacja');
INSERT INTO "auth_permission" ("id","content_type_id","codename","name") VALUES (66,17,'change_organizacja','Can change organizacja');
INSERT INTO "auth_permission" ("id","content_type_id","codename","name") VALUES (67,17,'delete_organizacja','Can delete organizacja');
INSERT INTO "auth_permission" ("id","content_type_id","codename","name") VALUES (68,17,'view_organizacja','Can view organizacja');
INSERT INTO "auth_permission" ("id","content_type_id","codename","name") VALUES (69,18,'add_zabezpieczenie','Can add zabezpieczenie');
INSERT INTO "auth_permission" ("id","content_type_id","codename","name") VALUES (70,18,'change_zabezpieczenie','Can change zabezpieczenie');
INSERT INTO "auth_permission" ("id","content_type_id","codename","name") VALUES (71,18,'delete_zabezpieczenie','Can delete zabezpieczenie');
INSERT INTO "auth_permission" ("id","content_type_id","codename","name") VALUES (72,18,'view_zabezpieczenie','Can view zabezpieczenie');
INSERT INTO "auth_permission" ("id","content_type_id","codename","name") VALUES (73,19,'add_czynnoscprzetwarzania','Can add czynnosc przetwarzania');
INSERT INTO "auth_permission" ("id","content_type_id","codename","name") VALUES (74,19,'change_czynnoscprzetwarzania','Can change czynnosc przetwarzania');
INSERT INTO "auth_permission" ("id","content_type_id","codename","name") VALUES (75,19,'delete_czynnoscprzetwarzania','Can delete czynnosc przetwarzania');
INSERT INTO "auth_permission" ("id","content_type_id","codename","name") VALUES (76,19,'view_czynnoscprzetwarzania','Can view czynnosc przetwarzania');
INSERT INTO "auth_permission" ("id","content_type_id","codename","name") VALUES (77,20,'add_przeslankalegalnosci','Can add przeslanka legalnosci');
INSERT INTO "auth_permission" ("id","content_type_id","codename","name") VALUES (78,20,'change_przeslankalegalnosci','Can change przeslanka legalnosci');
INSERT INTO "auth_permission" ("id","content_type_id","codename","name") VALUES (79,20,'delete_przeslankalegalnosci','Can delete przeslanka legalnosci');
INSERT INTO "auth_permission" ("id","content_type_id","codename","name") VALUES (80,20,'view_przeslankalegalnosci','Can view przeslanka legalnosci');
INSERT INTO "auth_permission" ("id","content_type_id","codename","name") VALUES (81,21,'add_administratorzy','Can add administratorzy');
INSERT INTO "auth_permission" ("id","content_type_id","codename","name") VALUES (82,21,'change_administratorzy','Can change administratorzy');
INSERT INTO "auth_permission" ("id","content_type_id","codename","name") VALUES (83,21,'delete_administratorzy','Can delete administratorzy');
INSERT INTO "auth_permission" ("id","content_type_id","codename","name") VALUES (84,21,'view_administratorzy','Can view administratorzy');
INSERT INTO "auth_permission" ("id","content_type_id","codename","name") VALUES (85,22,'add_wspoladministratorzy','Can add wspoladministratorzy');
INSERT INTO "auth_permission" ("id","content_type_id","codename","name") VALUES (86,22,'change_wspoladministratorzy','Can change wspoladministratorzy');
INSERT INTO "auth_permission" ("id","content_type_id","codename","name") VALUES (87,22,'delete_wspoladministratorzy','Can delete wspoladministratorzy');
INSERT INTO "auth_permission" ("id","content_type_id","codename","name") VALUES (88,22,'view_wspoladministratorzy','Can view wspoladministratorzy');
INSERT INTO "auth_permission" ("id","content_type_id","codename","name") VALUES (89,23,'add_podmiotyprzetwarzajace','Can add podmioty przetwarzajace');
INSERT INTO "auth_permission" ("id","content_type_id","codename","name") VALUES (90,23,'change_podmiotyprzetwarzajace','Can change podmioty przetwarzajace');
INSERT INTO "auth_permission" ("id","content_type_id","codename","name") VALUES (91,23,'delete_podmiotyprzetwarzajace','Can delete podmioty przetwarzajace');
INSERT INTO "auth_permission" ("id","content_type_id","codename","name") VALUES (92,23,'view_podmiotyprzetwarzajace','Can view podmioty przetwarzajace');
INSERT INTO "auth_permission" ("id","content_type_id","codename","name") VALUES (93,24,'add_sposobyprzetwarzania','Can add sposoby przetwarzania');
INSERT INTO "auth_permission" ("id","content_type_id","codename","name") VALUES (94,24,'change_sposobyprzetwarzania','Can change sposoby przetwarzania');
INSERT INTO "auth_permission" ("id","content_type_id","codename","name") VALUES (95,24,'delete_sposobyprzetwarzania','Can delete sposoby przetwarzania');
INSERT INTO "auth_permission" ("id","content_type_id","codename","name") VALUES (96,24,'view_sposobyprzetwarzania','Can view sposoby przetwarzania');
INSERT INTO "auth_permission" ("id","content_type_id","codename","name") VALUES (97,9,'add_kategoriaodbiorcow','Can add kategoria odbiorcow');
INSERT INTO "auth_permission" ("id","content_type_id","codename","name") VALUES (98,9,'change_kategoriaodbiorcow','Can change kategoria odbiorcow');
INSERT INTO "auth_permission" ("id","content_type_id","codename","name") VALUES (99,9,'delete_kategoriaodbiorcow','Can delete kategoria odbiorcow');
INSERT INTO "auth_permission" ("id","content_type_id","codename","name") VALUES (100,9,'view_kategoriaodbiorcow','Can view kategoria odbiorcow');
INSERT INTO "auth_permission" ("id","content_type_id","codename","name") VALUES (101,25,'add_wysokieryzyko','Can add wysokie ryzyko');
INSERT INTO "auth_permission" ("id","content_type_id","codename","name") VALUES (102,25,'change_wysokieryzyko','Can change wysokie ryzyko');
INSERT INTO "auth_permission" ("id","content_type_id","codename","name") VALUES (103,25,'delete_wysokieryzyko','Can delete wysokie ryzyko');
INSERT INTO "auth_permission" ("id","content_type_id","codename","name") VALUES (104,25,'view_wysokieryzyko','Can view wysokie ryzyko');
INSERT INTO "auth_permission" ("id","content_type_id","codename","name") VALUES (105,26,'add_kategoriedanych','Can add kategorie danych');
INSERT INTO "auth_permission" ("id","content_type_id","codename","name") VALUES (106,26,'change_kategoriedanych','Can change kategorie danych');
INSERT INTO "auth_permission" ("id","content_type_id","codename","name") VALUES (107,26,'delete_kategoriedanych','Can delete kategorie danych');
INSERT INTO "auth_permission" ("id","content_type_id","codename","name") VALUES (108,26,'view_kategoriedanych','Can view kategorie danych');
INSERT INTO "auth_permission" ("id","content_type_id","codename","name") VALUES (109,27,'add_kategorieodbiorcow','Can add kategorie odbiorcow');
INSERT INTO "auth_permission" ("id","content_type_id","codename","name") VALUES (110,27,'change_kategorieodbiorcow','Can change kategorie odbiorcow');
INSERT INTO "auth_permission" ("id","content_type_id","codename","name") VALUES (111,27,'delete_kategorieodbiorcow','Can delete kategorie odbiorcow');
INSERT INTO "auth_permission" ("id","content_type_id","codename","name") VALUES (112,27,'view_kategorieodbiorcow','Can view kategorie odbiorcow');
INSERT INTO "auth_permission" ("id","content_type_id","codename","name") VALUES (113,28,'add_kategorieosob','Can add kategorie osob');
INSERT INTO "auth_permission" ("id","content_type_id","codename","name") VALUES (114,28,'change_kategorieosob','Can change kategorie osob');
INSERT INTO "auth_permission" ("id","content_type_id","codename","name") VALUES (115,28,'delete_kategorieosob','Can delete kategorie osob');
INSERT INTO "auth_permission" ("id","content_type_id","codename","name") VALUES (116,28,'view_kategorieosob','Can view kategorie osob');
INSERT INTO "auth_permission" ("id","content_type_id","codename","name") VALUES (117,29,'add_przeslankilegalnosci','Can add przeslanki legalnosci');
INSERT INTO "auth_permission" ("id","content_type_id","codename","name") VALUES (118,29,'change_przeslankilegalnosci','Can change przeslanki legalnosci');
INSERT INTO "auth_permission" ("id","content_type_id","codename","name") VALUES (119,29,'delete_przeslankilegalnosci','Can delete przeslanki legalnosci');
INSERT INTO "auth_permission" ("id","content_type_id","codename","name") VALUES (120,29,'view_przeslankilegalnosci','Can view przeslanki legalnosci');
INSERT INTO "auth_permission" ("id","content_type_id","codename","name") VALUES (121,30,'add_iod','Can add iod');
INSERT INTO "auth_permission" ("id","content_type_id","codename","name") VALUES (122,30,'change_iod','Can change iod');
INSERT INTO "auth_permission" ("id","content_type_id","codename","name") VALUES (123,30,'delete_iod','Can delete iod');
INSERT INTO "auth_permission" ("id","content_type_id","codename","name") VALUES (124,30,'view_iod','Can view iod');
INSERT INTO "auth_permission" ("id","content_type_id","codename","name") VALUES (125,31,'add_czynnosciprzetwarzania','Can add czynnosci przetwarzania');
INSERT INTO "auth_permission" ("id","content_type_id","codename","name") VALUES (126,31,'change_czynnosciprzetwarzania','Can change czynnosci przetwarzania');
INSERT INTO "auth_permission" ("id","content_type_id","codename","name") VALUES (127,31,'delete_czynnosciprzetwarzania','Can delete czynnosci przetwarzania');
INSERT INTO "auth_permission" ("id","content_type_id","codename","name") VALUES (128,31,'view_czynnosciprzetwarzania','Can view czynnosci przetwarzania');
INSERT INTO "auth_permission" ("id","content_type_id","codename","name") VALUES (129,32,'add_zagrozenie','Can add zagrozenie');
INSERT INTO "auth_permission" ("id","content_type_id","codename","name") VALUES (130,32,'change_zagrozenie','Can change zagrozenie');
INSERT INTO "auth_permission" ("id","content_type_id","codename","name") VALUES (131,32,'delete_zagrozenie','Can delete zagrozenie');
INSERT INTO "auth_permission" ("id","content_type_id","codename","name") VALUES (132,32,'view_zagrozenie','Can view zagrozenie');
INSERT INTO "auth_permission" ("id","content_type_id","codename","name") VALUES (133,33,'add_grupazabezpieczen','Can add grupa zabezpieczen');
INSERT INTO "auth_permission" ("id","content_type_id","codename","name") VALUES (134,33,'change_grupazabezpieczen','Can change grupa zabezpieczen');
INSERT INTO "auth_permission" ("id","content_type_id","codename","name") VALUES (135,33,'delete_grupazabezpieczen','Can delete grupa zabezpieczen');
INSERT INTO "auth_permission" ("id","content_type_id","codename","name") VALUES (136,33,'view_grupazabezpieczen','Can view grupa zabezpieczen');
INSERT INTO "auth_permission" ("id","content_type_id","codename","name") VALUES (137,34,'add_grupazagrozen','Can add grupa zagrozen');
INSERT INTO "auth_permission" ("id","content_type_id","codename","name") VALUES (138,34,'change_grupazagrozen','Can change grupa zagrozen');
INSERT INTO "auth_permission" ("id","content_type_id","codename","name") VALUES (139,34,'delete_grupazagrozen','Can delete grupa zagrozen');
INSERT INTO "auth_permission" ("id","content_type_id","codename","name") VALUES (140,34,'view_grupazagrozen','Can view grupa zagrozen');
INSERT INTO "auth_permission" ("id","content_type_id","codename","name") VALUES (141,35,'add_podatnosc','Can add podatnosc');
INSERT INTO "auth_permission" ("id","content_type_id","codename","name") VALUES (142,35,'change_podatnosc','Can change podatnosc');
INSERT INTO "auth_permission" ("id","content_type_id","codename","name") VALUES (143,35,'delete_podatnosc','Can delete podatnosc');
INSERT INTO "auth_permission" ("id","content_type_id","codename","name") VALUES (144,35,'view_podatnosc','Can view podatnosc');
INSERT INTO "auth_permission" ("id","content_type_id","codename","name") VALUES (145,36,'add_ryzyko','Can add ryzyko');
INSERT INTO "auth_permission" ("id","content_type_id","codename","name") VALUES (146,36,'change_ryzyko','Can change ryzyko');
INSERT INTO "auth_permission" ("id","content_type_id","codename","name") VALUES (147,36,'delete_ryzyko','Can delete ryzyko');
INSERT INTO "auth_permission" ("id","content_type_id","codename","name") VALUES (148,36,'view_ryzyko','Can view ryzyko');
INSERT INTO "auth_permission" ("id","content_type_id","codename","name") VALUES (149,37,'add_zakresoddzialywania','Can add zakres oddzialywania');
INSERT INTO "auth_permission" ("id","content_type_id","codename","name") VALUES (150,37,'change_zakresoddzialywania','Can change zakres oddzialywania');
INSERT INTO "auth_permission" ("id","content_type_id","codename","name") VALUES (151,37,'delete_zakresoddzialywania','Can delete zakres oddzialywania');
INSERT INTO "auth_permission" ("id","content_type_id","codename","name") VALUES (152,37,'view_zakresoddzialywania','Can view zakres oddzialywania');
INSERT INTO "auth_permission" ("id","content_type_id","codename","name") VALUES (153,38,'add_operacjeprzetwarzania','Can add operacje przetwarzania');
INSERT INTO "auth_permission" ("id","content_type_id","codename","name") VALUES (154,38,'change_operacjeprzetwarzania','Can change operacje przetwarzania');
INSERT INTO "auth_permission" ("id","content_type_id","codename","name") VALUES (155,38,'delete_operacjeprzetwarzania','Can delete operacje przetwarzania');
INSERT INTO "auth_permission" ("id","content_type_id","codename","name") VALUES (156,38,'view_operacjeprzetwarzania','Can view operacje przetwarzania');
INSERT INTO "auth_permission" ("id","content_type_id","codename","name") VALUES (157,39,'add_operacjaprzetwarzania','Can add operacja przetwarzania');
INSERT INTO "auth_permission" ("id","content_type_id","codename","name") VALUES (158,39,'change_operacjaprzetwarzania','Can change operacja przetwarzania');
INSERT INTO "auth_permission" ("id","content_type_id","codename","name") VALUES (159,39,'delete_operacjaprzetwarzania','Can delete operacja przetwarzania');
INSERT INTO "auth_permission" ("id","content_type_id","codename","name") VALUES (160,39,'view_operacjaprzetwarzania','Can view operacja przetwarzania');
INSERT INTO "auth_permission" ("id","content_type_id","codename","name") VALUES (161,40,'add_podmiotprzetwarzajacy','Can add podmiot przetwarzajacy');
INSERT INTO "auth_permission" ("id","content_type_id","codename","name") VALUES (162,40,'change_podmiotprzetwarzajacy','Can change podmiot przetwarzajacy');
INSERT INTO "auth_permission" ("id","content_type_id","codename","name") VALUES (163,40,'delete_podmiotprzetwarzajacy','Can delete podmiot przetwarzajacy');
INSERT INTO "auth_permission" ("id","content_type_id","codename","name") VALUES (164,40,'view_podmiotprzetwarzajacy','Can view podmiot przetwarzajacy');
INSERT INTO "auth_permission" ("id","content_type_id","codename","name") VALUES (165,41,'add_czynnoscprzetwarzaniadodo','Can add czynnosc przetwarzania dodo');
INSERT INTO "auth_permission" ("id","content_type_id","codename","name") VALUES (166,41,'change_czynnoscprzetwarzaniadodo','Can change czynnosc przetwarzania dodo');
INSERT INTO "auth_permission" ("id","content_type_id","codename","name") VALUES (167,41,'delete_czynnoscprzetwarzaniadodo','Can delete czynnosc przetwarzania dodo');
INSERT INTO "auth_permission" ("id","content_type_id","codename","name") VALUES (168,41,'view_czynnoscprzetwarzaniadodo','Can view czynnosc przetwarzania dodo');
INSERT INTO "auth_permission" ("id","content_type_id","codename","name") VALUES (169,42,'add_czynnoscprzetwarzaniarodo','Can add czynnosc przetwarzania rodo');
INSERT INTO "auth_permission" ("id","content_type_id","codename","name") VALUES (170,42,'change_czynnoscprzetwarzaniarodo','Can change czynnosc przetwarzania rodo');
INSERT INTO "auth_permission" ("id","content_type_id","codename","name") VALUES (171,42,'delete_czynnoscprzetwarzaniarodo','Can delete czynnosc przetwarzania rodo');
INSERT INTO "auth_permission" ("id","content_type_id","codename","name") VALUES (172,42,'view_czynnoscprzetwarzaniarodo','Can view czynnosc przetwarzania rodo');
INSERT INTO "auth_permission" ("id","content_type_id","codename","name") VALUES (173,43,'add_kategoriaczynnosciprzetwarzaniadodo','Can add kategoria czynnosci przetwarzania dodo');
INSERT INTO "auth_permission" ("id","content_type_id","codename","name") VALUES (174,43,'change_kategoriaczynnosciprzetwarzaniadodo','Can change kategoria czynnosci przetwarzania dodo');
INSERT INTO "auth_permission" ("id","content_type_id","codename","name") VALUES (175,43,'delete_kategoriaczynnosciprzetwarzaniadodo','Can delete kategoria czynnosci przetwarzania dodo');
INSERT INTO "auth_permission" ("id","content_type_id","codename","name") VALUES (176,43,'view_kategoriaczynnosciprzetwarzaniadodo','Can view kategoria czynnosci przetwarzania dodo');
INSERT INTO "auth_permission" ("id","content_type_id","codename","name") VALUES (177,44,'add_kategoriaczynnosciprzetwarzaniarodo','Can add kategoria czynnosci przetwarzania rodo');
INSERT INTO "auth_permission" ("id","content_type_id","codename","name") VALUES (178,44,'change_kategoriaczynnosciprzetwarzaniarodo','Can change kategoria czynnosci przetwarzania rodo');
INSERT INTO "auth_permission" ("id","content_type_id","codename","name") VALUES (179,44,'delete_kategoriaczynnosciprzetwarzaniarodo','Can delete kategoria czynnosci przetwarzania rodo');
INSERT INTO "auth_permission" ("id","content_type_id","codename","name") VALUES (180,44,'view_kategoriaczynnosciprzetwarzaniarodo','Can view kategoria czynnosci przetwarzania rodo');
INSERT INTO "auth_permission" ("id","content_type_id","codename","name") VALUES (181,45,'add_podstawaprawnaprzetwarzania','Can add podstawa prawna przetwarzania');
INSERT INTO "auth_permission" ("id","content_type_id","codename","name") VALUES (182,45,'change_podstawaprawnaprzetwarzania','Can change podstawa prawna przetwarzania');
INSERT INTO "auth_permission" ("id","content_type_id","codename","name") VALUES (183,45,'delete_podstawaprawnaprzetwarzania','Can delete podstawa prawna przetwarzania');
INSERT INTO "auth_permission" ("id","content_type_id","codename","name") VALUES (184,45,'view_podstawaprawnaprzetwarzania','Can view podstawa prawna przetwarzania');
INSERT INTO "auth_permission" ("id","content_type_id","codename","name") VALUES (185,46,'add_podstawyprawneprzetwarzania','Can add podstawy prawne przetwarzania');
INSERT INTO "auth_permission" ("id","content_type_id","codename","name") VALUES (186,46,'change_podstawyprawneprzetwarzania','Can change podstawy prawne przetwarzania');
INSERT INTO "auth_permission" ("id","content_type_id","codename","name") VALUES (187,46,'delete_podstawyprawneprzetwarzania','Can delete podstawy prawne przetwarzania');
INSERT INTO "auth_permission" ("id","content_type_id","codename","name") VALUES (188,46,'view_podstawyprawneprzetwarzania','Can view podstawy prawne przetwarzania');
INSERT INTO "auth_user" ("id","password","last_login","is_superuser","username","last_name","email","is_staff","is_active","date_joined","first_name") VALUES (1,'pbkdf2_sha256$870000$I9n4czAYNtdEhDm08vp7v1$kAmawhFH7YASxnWS3QTaGjn/76PpmT2Nke+7DmaQD+Q=','2024-09-30 19:30:25.237895',1,'admin','','admin@example.com',1,1,'2023-09-14 16:35:20','');
INSERT INTO "auth_user" ("id","password","last_login","is_superuser","username","last_name","email","is_staff","is_active","date_joined","first_name") VALUES (2,'pbkdf2_sha256$600000$xTlIK0PP7E3U29cVTiBLX0$2n5+g2Cqm8M3FpYHgqIgP58UZa96ZO49kfQkW9QUu+g=',NULL,0,'alek','','',0,1,'2023-09-16 13:31:45.794859','');
INSERT INTO "auth_user_groups" ("id","user_id","group_id") VALUES (1,1,1);
INSERT INTO "auth_user_groups" ("id","user_id","group_id") VALUES (2,1,2);
INSERT INTO "auth_user_user_permissions" ("id","user_id","permission_id") VALUES (1,1,1);
INSERT INTO "auth_user_user_permissions" ("id","user_id","permission_id") VALUES (2,1,2);
INSERT INTO "auth_user_user_permissions" ("id","user_id","permission_id") VALUES (3,1,3);
INSERT INTO "auth_user_user_permissions" ("id","user_id","permission_id") VALUES (4,1,4);
INSERT INTO "auth_user_user_permissions" ("id","user_id","permission_id") VALUES (5,1,5);
INSERT INTO "auth_user_user_permissions" ("id","user_id","permission_id") VALUES (6,1,6);
INSERT INTO "auth_user_user_permissions" ("id","user_id","permission_id") VALUES (7,1,7);
INSERT INTO "auth_user_user_permissions" ("id","user_id","permission_id") VALUES (8,1,8);
INSERT INTO "auth_user_user_permissions" ("id","user_id","permission_id") VALUES (9,1,9);
INSERT INTO "auth_user_user_permissions" ("id","user_id","permission_id") VALUES (10,1,10);
INSERT INTO "auth_user_user_permissions" ("id","user_id","permission_id") VALUES (11,1,11);
INSERT INTO "auth_user_user_permissions" ("id","user_id","permission_id") VALUES (12,1,12);
INSERT INTO "auth_user_user_permissions" ("id","user_id","permission_id") VALUES (13,1,13);
INSERT INTO "auth_user_user_permissions" ("id","user_id","permission_id") VALUES (14,1,14);
INSERT INTO "auth_user_user_permissions" ("id","user_id","permission_id") VALUES (15,1,15);
INSERT INTO "auth_user_user_permissions" ("id","user_id","permission_id") VALUES (16,1,16);
INSERT INTO "auth_user_user_permissions" ("id","user_id","permission_id") VALUES (17,1,17);
INSERT INTO "auth_user_user_permissions" ("id","user_id","permission_id") VALUES (18,1,18);
INSERT INTO "auth_user_user_permissions" ("id","user_id","permission_id") VALUES (19,1,19);
INSERT INTO "auth_user_user_permissions" ("id","user_id","permission_id") VALUES (20,1,20);
INSERT INTO "auth_user_user_permissions" ("id","user_id","permission_id") VALUES (21,1,21);
INSERT INTO "auth_user_user_permissions" ("id","user_id","permission_id") VALUES (22,1,22);
INSERT INTO "auth_user_user_permissions" ("id","user_id","permission_id") VALUES (23,1,23);
INSERT INTO "auth_user_user_permissions" ("id","user_id","permission_id") VALUES (24,1,24);
INSERT INTO "auth_user_user_permissions" ("id","user_id","permission_id") VALUES (25,1,25);
INSERT INTO "auth_user_user_permissions" ("id","user_id","permission_id") VALUES (26,1,26);
INSERT INTO "auth_user_user_permissions" ("id","user_id","permission_id") VALUES (27,1,27);
INSERT INTO "auth_user_user_permissions" ("id","user_id","permission_id") VALUES (28,1,28);
INSERT INTO "auth_user_user_permissions" ("id","user_id","permission_id") VALUES (29,1,29);
INSERT INTO "auth_user_user_permissions" ("id","user_id","permission_id") VALUES (30,1,30);
INSERT INTO "auth_user_user_permissions" ("id","user_id","permission_id") VALUES (31,1,31);
INSERT INTO "auth_user_user_permissions" ("id","user_id","permission_id") VALUES (32,1,32);
INSERT INTO "auth_user_user_permissions" ("id","user_id","permission_id") VALUES (33,1,33);
INSERT INTO "auth_user_user_permissions" ("id","user_id","permission_id") VALUES (34,1,34);
INSERT INTO "auth_user_user_permissions" ("id","user_id","permission_id") VALUES (35,1,35);
INSERT INTO "auth_user_user_permissions" ("id","user_id","permission_id") VALUES (36,1,36);
INSERT INTO "auth_user_user_permissions" ("id","user_id","permission_id") VALUES (37,1,37);
INSERT INTO "auth_user_user_permissions" ("id","user_id","permission_id") VALUES (38,1,38);
INSERT INTO "auth_user_user_permissions" ("id","user_id","permission_id") VALUES (39,1,39);
INSERT INTO "auth_user_user_permissions" ("id","user_id","permission_id") VALUES (40,1,40);
INSERT INTO "auth_user_user_permissions" ("id","user_id","permission_id") VALUES (41,1,41);
INSERT INTO "auth_user_user_permissions" ("id","user_id","permission_id") VALUES (42,1,42);
INSERT INTO "auth_user_user_permissions" ("id","user_id","permission_id") VALUES (43,1,43);
INSERT INTO "auth_user_user_permissions" ("id","user_id","permission_id") VALUES (44,1,44);
INSERT INTO "auth_user_user_permissions" ("id","user_id","permission_id") VALUES (45,1,45);
INSERT INTO "auth_user_user_permissions" ("id","user_id","permission_id") VALUES (46,1,46);
INSERT INTO "auth_user_user_permissions" ("id","user_id","permission_id") VALUES (47,1,47);
INSERT INTO "auth_user_user_permissions" ("id","user_id","permission_id") VALUES (48,1,48);
INSERT INTO "auth_user_user_permissions" ("id","user_id","permission_id") VALUES (49,1,49);
INSERT INTO "auth_user_user_permissions" ("id","user_id","permission_id") VALUES (50,1,50);
INSERT INTO "auth_user_user_permissions" ("id","user_id","permission_id") VALUES (51,1,51);
INSERT INTO "auth_user_user_permissions" ("id","user_id","permission_id") VALUES (52,1,52);
INSERT INTO "auth_user_user_permissions" ("id","user_id","permission_id") VALUES (53,1,53);
INSERT INTO "auth_user_user_permissions" ("id","user_id","permission_id") VALUES (54,1,54);
INSERT INTO "auth_user_user_permissions" ("id","user_id","permission_id") VALUES (55,1,55);
INSERT INTO "auth_user_user_permissions" ("id","user_id","permission_id") VALUES (56,1,56);
INSERT INTO "auth_user_user_permissions" ("id","user_id","permission_id") VALUES (57,1,57);
INSERT INTO "auth_user_user_permissions" ("id","user_id","permission_id") VALUES (58,1,58);
INSERT INTO "auth_user_user_permissions" ("id","user_id","permission_id") VALUES (59,1,59);
INSERT INTO "auth_user_user_permissions" ("id","user_id","permission_id") VALUES (60,1,60);
INSERT INTO "auth_user_user_permissions" ("id","user_id","permission_id") VALUES (61,1,61);
INSERT INTO "auth_user_user_permissions" ("id","user_id","permission_id") VALUES (62,1,62);
INSERT INTO "auth_user_user_permissions" ("id","user_id","permission_id") VALUES (63,1,63);
INSERT INTO "auth_user_user_permissions" ("id","user_id","permission_id") VALUES (64,1,64);
INSERT INTO "auth_user_user_permissions" ("id","user_id","permission_id") VALUES (65,1,65);
INSERT INTO "auth_user_user_permissions" ("id","user_id","permission_id") VALUES (66,1,66);
INSERT INTO "auth_user_user_permissions" ("id","user_id","permission_id") VALUES (67,1,67);
INSERT INTO "auth_user_user_permissions" ("id","user_id","permission_id") VALUES (68,1,68);
INSERT INTO "auth_user_user_permissions" ("id","user_id","permission_id") VALUES (69,1,69);
INSERT INTO "auth_user_user_permissions" ("id","user_id","permission_id") VALUES (70,1,70);
INSERT INTO "auth_user_user_permissions" ("id","user_id","permission_id") VALUES (71,1,71);
INSERT INTO "auth_user_user_permissions" ("id","user_id","permission_id") VALUES (72,1,72);
INSERT INTO "auth_user_user_permissions" ("id","user_id","permission_id") VALUES (73,1,73);
INSERT INTO "auth_user_user_permissions" ("id","user_id","permission_id") VALUES (74,1,74);
INSERT INTO "auth_user_user_permissions" ("id","user_id","permission_id") VALUES (75,1,75);
INSERT INTO "auth_user_user_permissions" ("id","user_id","permission_id") VALUES (76,1,76);
INSERT INTO "django_admin_log" ("id","object_id","object_repr","action_flag","change_message","content_type_id","user_id","action_time") VALUES (1,'1','kierownik',1,'[{"added": {}}]',3,1,'2023-09-16 13:26:55.552879');
INSERT INTO "django_admin_log" ("id","object_id","object_repr","action_flag","change_message","content_type_id","user_id","action_time") VALUES (2,'2','iod',1,'[{"added": {}}]',3,1,'2023-09-16 13:28:47.630978');
INSERT INTO "django_admin_log" ("id","object_id","object_repr","action_flag","change_message","content_type_id","user_id","action_time") VALUES (3,'1','admin',2,'[{"changed": {"fields": ["Groups", "User permissions"]}}]',4,1,'2023-09-16 13:29:36.282023');
INSERT INTO "django_admin_log" ("id","object_id","object_repr","action_flag","change_message","content_type_id","user_id","action_time") VALUES (4,'2','alek',1,'[{"added": {}}]',4,1,'2023-09-16 13:31:46.639821');
INSERT INTO "django_admin_log" ("id","object_id","object_repr","action_flag","change_message","content_type_id","user_id","action_time") VALUES (5,'5','Stan zdrowia',2,'[]',7,1,'2023-10-15 19:25:53.538280');
INSERT INTO "django_admin_log" ("id","object_id","object_repr","action_flag","change_message","content_type_id","user_id","action_time") VALUES (6,'5','Stan zdrowia',2,'[{"changed": {"fields": ["Kd dane szczegolne"]}}]',7,1,'2023-10-15 19:47:35.050906');
INSERT INTO "django_content_type" ("id","app_label","model") VALUES (1,'admin','logentry');
INSERT INTO "django_content_type" ("id","app_label","model") VALUES (2,'auth','permission');
INSERT INTO "django_content_type" ("id","app_label","model") VALUES (3,'auth','group');
INSERT INTO "django_content_type" ("id","app_label","model") VALUES (4,'auth','user');
INSERT INTO "django_content_type" ("id","app_label","model") VALUES (5,'contenttypes','contenttype');
INSERT INTO "django_content_type" ("id","app_label","model") VALUES (6,'sessions','session');
INSERT INTO "django_content_type" ("id","app_label","model") VALUES (7,'rejestr','kategoriadanych');
INSERT INTO "django_content_type" ("id","app_label","model") VALUES (8,'rejestr','kategoriaosob');
INSERT INTO "django_content_type" ("id","app_label","model") VALUES (9,'rejestr','kategoriaodbiorcow');
INSERT INTO "django_content_type" ("id","app_label","model") VALUES (10,'rejestr','okresretencji');
INSERT INTO "django_content_type" ("id","app_label","model") VALUES (11,'rejestr','sposobprzetwarzania');
INSERT INTO "django_content_type" ("id","app_label","model") VALUES (12,'rejestr','statuszatwierdzenia');
INSERT INTO "django_content_type" ("id","app_label","model") VALUES (13,'rejestr','zrodlodanych');
INSERT INTO "django_content_type" ("id","app_label","model") VALUES (14,'rejestr','komorka');
INSERT INTO "django_content_type" ("id","app_label","model") VALUES (15,'rejestr','wysokieryzyka');
INSERT INTO "django_content_type" ("id","app_label","model") VALUES (16,'rejestr','rejestr');
INSERT INTO "django_content_type" ("id","app_label","model") VALUES (17,'rejestr','organizacja');
INSERT INTO "django_content_type" ("id","app_label","model") VALUES (18,'rejestr','zabezpieczenie');
INSERT INTO "django_content_type" ("id","app_label","model") VALUES (19,'rejestr','czynnoscprzetwarzania');
INSERT INTO "django_content_type" ("id","app_label","model") VALUES (20,'rejestr','przeslankalegalnosci');
INSERT INTO "django_content_type" ("id","app_label","model") VALUES (21,'rejestr','administratorzy');
INSERT INTO "django_content_type" ("id","app_label","model") VALUES (22,'rejestr','wspoladministratorzy');
INSERT INTO "django_content_type" ("id","app_label","model") VALUES (23,'rejestr','podmiotyprzetwarzajace');
INSERT INTO "django_content_type" ("id","app_label","model") VALUES (24,'rejestr','sposobyprzetwarzania');
INSERT INTO "django_content_type" ("id","app_label","model") VALUES (25,'rejestr','wysokieryzyko');
INSERT INTO "django_content_type" ("id","app_label","model") VALUES (26,'rejestr','kategoriedanych');
INSERT INTO "django_content_type" ("id","app_label","model") VALUES (27,'rejestr','kategorieodbiorcow');
INSERT INTO "django_content_type" ("id","app_label","model") VALUES (28,'rejestr','kategorieosob');
INSERT INTO "django_content_type" ("id","app_label","model") VALUES (29,'rejestr','przeslankilegalnosci');
INSERT INTO "django_content_type" ("id","app_label","model") VALUES (30,'rejestr','iod');
INSERT INTO "django_content_type" ("id","app_label","model") VALUES (31,'rejestr','czynnosciprzetwarzania');
INSERT INTO "django_content_type" ("id","app_label","model") VALUES (32,'rejestr','zagrozenie');
INSERT INTO "django_content_type" ("id","app_label","model") VALUES (33,'rejestr','grupazabezpieczen');
INSERT INTO "django_content_type" ("id","app_label","model") VALUES (34,'rejestr','grupazagrozen');
INSERT INTO "django_content_type" ("id","app_label","model") VALUES (35,'rejestr','podatnosc');
INSERT INTO "django_content_type" ("id","app_label","model") VALUES (36,'rejestr','ryzyko');
INSERT INTO "django_content_type" ("id","app_label","model") VALUES (37,'rejestr','zakresoddzialywania');
INSERT INTO "django_content_type" ("id","app_label","model") VALUES (38,'rejestr','operacjeprzetwarzania');
INSERT INTO "django_content_type" ("id","app_label","model") VALUES (39,'rejestr','operacjaprzetwarzania');
INSERT INTO "django_content_type" ("id","app_label","model") VALUES (40,'rejestr','podmiotprzetwarzajacy');
INSERT INTO "django_content_type" ("id","app_label","model") VALUES (41,'rejestr','czynnoscprzetwarzaniadodo');
INSERT INTO "django_content_type" ("id","app_label","model") VALUES (42,'rejestr','czynnoscprzetwarzaniarodo');
INSERT INTO "django_content_type" ("id","app_label","model") VALUES (43,'rejestr','kategoriaczynnosciprzetwarzaniadodo');
INSERT INTO "django_content_type" ("id","app_label","model") VALUES (44,'rejestr','kategoriaczynnosciprzetwarzaniarodo');
INSERT INTO "django_content_type" ("id","app_label","model") VALUES (45,'rejestr','podstawaprawnaprzetwarzania');
INSERT INTO "django_content_type" ("id","app_label","model") VALUES (46,'rejestr','podstawyprawneprzetwarzania');
INSERT INTO "django_migrations" ("id","app","name","applied") VALUES (1,'contenttypes','0001_initial','2023-08-22 17:57:09.902091');
INSERT INTO "django_migrations" ("id","app","name","applied") VALUES (2,'auth','0001_initial','2023-08-22 17:57:09.947067');
INSERT INTO "django_migrations" ("id","app","name","applied") VALUES (3,'admin','0001_initial','2023-08-22 17:57:10.009542');
INSERT INTO "django_migrations" ("id","app","name","applied") VALUES (4,'admin','0002_logentry_remove_auto_add','2023-08-22 17:57:10.039057');
INSERT INTO "django_migrations" ("id","app","name","applied") VALUES (5,'admin','0003_logentry_add_action_flag_choices','2023-08-22 17:57:10.059071');
INSERT INTO "django_migrations" ("id","app","name","applied") VALUES (6,'contenttypes','0002_remove_content_type_name','2023-08-22 17:57:10.103043');
INSERT INTO "django_migrations" ("id","app","name","applied") VALUES (7,'auth','0002_alter_permission_name_max_length','2023-08-22 17:57:10.130027');
INSERT INTO "django_migrations" ("id","app","name","applied") VALUES (8,'auth','0003_alter_user_email_max_length','2023-08-22 17:57:10.152582');
INSERT INTO "django_migrations" ("id","app","name","applied") VALUES (9,'auth','0004_alter_user_username_opts','2023-08-22 17:57:10.175079');
INSERT INTO "django_migrations" ("id","app","name","applied") VALUES (10,'auth','0005_alter_user_last_login_null','2023-08-22 17:57:10.206061');
INSERT INTO "django_migrations" ("id","app","name","applied") VALUES (11,'auth','0006_require_contenttypes_0002','2023-08-22 17:57:10.213059');
INSERT INTO "django_migrations" ("id","app","name","applied") VALUES (12,'auth','0007_alter_validators_add_error_messages','2023-08-22 17:57:10.233046');
INSERT INTO "django_migrations" ("id","app","name","applied") VALUES (13,'auth','0008_alter_user_username_max_length','2023-08-22 17:57:10.269027');
INSERT INTO "django_migrations" ("id","app","name","applied") VALUES (14,'auth','0009_alter_user_last_name_max_length','2023-08-22 17:57:10.333988');
INSERT INTO "django_migrations" ("id","app","name","applied") VALUES (15,'auth','0010_alter_group_name_max_length','2023-08-22 17:57:10.396954');
INSERT INTO "django_migrations" ("id","app","name","applied") VALUES (16,'auth','0011_update_proxy_permissions','2023-08-22 17:57:10.428935');
INSERT INTO "django_migrations" ("id","app","name","applied") VALUES (17,'auth','0012_alter_user_first_name_max_length','2023-08-22 17:57:10.452925');
INSERT INTO "django_migrations" ("id","app","name","applied") VALUES (18,'sessions','0001_initial','2023-08-22 17:57:10.466913');
INSERT INTO "django_migrations" ("id","app","name","applied") VALUES (19,'rejestr','0001_initial','2023-09-16 10:24:08.554166');
INSERT INTO "django_migrations" ("id","app","name","applied") VALUES (20,'rejestr','0002_alter_organizacja_org_adres_and_more','2023-09-25 13:08:22.839313');
INSERT INTO "django_migrations" ("id","app","name","applied") VALUES (21,'rejestr','0003_alter_organizacja_org_nazwa_and_more','2023-09-25 14:05:27.371527');
INSERT INTO "django_migrations" ("id","app","name","applied") VALUES (22,'rejestr','0004_remove_rejestr_rej_wlasciciel_and_more','2023-09-26 12:46:02.327337');
INSERT INTO "django_migrations" ("id","app","name","applied") VALUES (23,'rejestr','0005_remove_komorka_kom_parent_org_id','2023-09-26 14:43:11.962014');
INSERT INTO "django_migrations" ("id","app","name","applied") VALUES (24,'rejestr','0006_remove_komorka_czynnoscprzetwarzania_and_more','2023-09-26 17:32:45.897437');
INSERT INTO "django_migrations" ("id","app","name","applied") VALUES (25,'rejestr','0007_remove_kategoriadanych_slug_and_more','2023-09-27 10:34:10.288160');
INSERT INTO "django_migrations" ("id","app","name","applied") VALUES (26,'rejestr','0008_remove_czynnoscprzetwarzania_czn_administratorzy_and_more','2023-09-27 13:03:50.851443');
INSERT INTO "django_migrations" ("id","app","name","applied") VALUES (27,'rejestr','0009_alter_czynnoscprzetwarzania_czn_status_zatw','2023-09-28 07:15:24.937018');
INSERT INTO "django_migrations" ("id","app","name","applied") VALUES (28,'rejestr','0010_alter_czynnoscprzetwarzania_czn_status_zatw_and_more','2023-09-28 08:17:15.035336');
INSERT INTO "django_migrations" ("id","app","name","applied") VALUES (29,'rejestr','0011_alter_czynnoscprzetwarzania_czn_active_and_more','2023-09-28 08:29:34.202961');
INSERT INTO "django_migrations" ("id","app","name","applied") VALUES (30,'rejestr','0012_czynnoscprzetwarzania_rejestr_and_more','2023-09-28 08:38:29.194093');
INSERT INTO "django_migrations" ("id","app","name","applied") VALUES (31,'rejestr','0013_okresretencji_okr_active_and_more','2023-09-28 09:47:26.618210');
INSERT INTO "django_migrations" ("id","app","name","applied") VALUES (32,'rejestr','0014_remove_czynnoscprzetwarzania_organizacja_and_more','2023-09-28 09:54:23.018441');
INSERT INTO "django_migrations" ("id","app","name","applied") VALUES (33,'rejestr','0015_alter_okresretencji_okr_lat_max','2023-09-28 13:53:02.498750');
INSERT INTO "django_migrations" ("id","app","name","applied") VALUES (34,'rejestr','0016_alter_okresretencji_options','2023-09-28 15:45:42.688309');
INSERT INTO "django_migrations" ("id","app","name","applied") VALUES (35,'rejestr','0017_delete_zrodlodanych','2023-09-28 15:45:42.702495');
INSERT INTO "django_migrations" ("id","app","name","applied") VALUES (36,'rejestr','0018_delete_statuszatwierdzenia','2023-09-28 15:47:14.471997');
INSERT INTO "django_migrations" ("id","app","name","applied") VALUES (37,'rejestr','0019_delete_zabezpieczenie','2023-09-28 15:47:14.487445');
INSERT INTO "django_migrations" ("id","app","name","applied") VALUES (38,'rejestr','0020_alter_czynnoscprzetwarzania_komorka_and_more','2023-09-29 08:04:14.646545');
INSERT INTO "django_migrations" ("id","app","name","applied") VALUES (39,'rejestr','0021_alter_rejestr_organizacja','2023-09-29 08:06:00.449968');
INSERT INTO "django_migrations" ("id","app","name","applied") VALUES (40,'rejestr','0022_przeslankalegalnosci','2023-09-29 08:15:28.062303');
INSERT INTO "django_migrations" ("id","app","name","applied") VALUES (41,'rejestr','0023_alter_przeslankalegalnosci_prl_przepis_rodo','2023-09-29 09:45:02.906443');
INSERT INTO "django_migrations" ("id","app","name","applied") VALUES (42,'rejestr','0024_alter_przeslankalegalnosci_prl_przepis_rodo','2023-09-29 09:57:12.623520');
INSERT INTO "django_migrations" ("id","app","name","applied") VALUES (43,'rejestr','0025_alter_przeslankalegalnosci_prl_przepis_rodo','2023-09-29 12:41:06.499321');
INSERT INTO "django_migrations" ("id","app","name","applied") VALUES (44,'rejestr','0026_czynnoscprzetwarzania_przeslankalegalnosci','2023-09-29 12:56:20.099768');
INSERT INTO "django_migrations" ("id","app","name","applied") VALUES (47,'rejestr','0027_administratorzy','2023-09-29 14:31:53.485086');
INSERT INTO "django_migrations" ("id","app","name","applied") VALUES (48,'rejestr','0028_wspoladministratorzy','2023-09-29 14:33:38.598086');
INSERT INTO "django_migrations" ("id","app","name","applied") VALUES (49,'rejestr','0029_podmiotyprzetwarzajace','2023-09-29 14:34:00.378582');
INSERT INTO "django_migrations" ("id","app","name","applied") VALUES (50,'rejestr','0030_czynnoscprzetwarzania_administratorzy','2023-09-29 15:00:55.935021');
INSERT INTO "django_migrations" ("id","app","name","applied") VALUES (51,'rejestr','0031_czynnoscprzetwarzania_wspoladministratorzy_and_more','2023-09-29 15:00:56.332325');
INSERT INTO "django_migrations" ("id","app","name","applied") VALUES (52,'rejestr','0032_czynnoscprzetwarzania_podmiotyprzetwarzajace_and_more','2023-09-29 15:02:17.141053');
INSERT INTO "django_migrations" ("id","app","name","applied") VALUES (53,'rejestr','0033_sposobprzetwarzania_sp_skrot_and_more','2023-09-30 18:22:16.664206');
INSERT INTO "django_migrations" ("id","app","name","applied") VALUES (54,'rejestr','0034_alter_sposobprzetwarzania_options_and_more','2023-09-30 20:13:10.831195');
INSERT INTO "django_migrations" ("id","app","name","applied") VALUES (55,'rejestr','0035_rename_sposobprzetwarzania_czynnoscprzetwarzania_sposobyprzetwarzania','2023-09-30 20:15:06.083812');
INSERT INTO "django_migrations" ("id","app","name","applied") VALUES (56,'rejestr','0036_alter_kategoriaosob_options_and_more','2023-09-30 20:29:50.221322');
INSERT INTO "django_migrations" ("id","app","name","applied") VALUES (57,'rejestr','0037_alter_kategoriadanych_options_and_more','2023-09-30 20:53:57.783126');
INSERT INTO "django_migrations" ("id","app","name","applied") VALUES (58,'rejestr','0038_alter_wysokieryzyka_options_and_more','2023-09-30 21:12:21.736785');
INSERT INTO "django_migrations" ("id","app","name","applied") VALUES (59,'rejestr','0039_rename_kategorieodbiorcow_kategoriaodbiorcow','2023-09-30 21:12:21.787235');
INSERT INTO "django_migrations" ("id","app","name","applied") VALUES (60,'rejestr','0040_alter_kategoriadanych_kd_opis','2023-10-01 07:14:49.791284');
INSERT INTO "django_migrations" ("id","app","name","applied") VALUES (61,'rejestr','0041_alter_wysokieryzyka_wr_opis','2023-10-01 07:31:52.450077');
INSERT INTO "django_migrations" ("id","app","name","applied") VALUES (62,'rejestr','0042_alter_wysokieryzyka_wr_opis','2023-10-01 07:33:18.957342');
INSERT INTO "django_migrations" ("id","app","name","applied") VALUES (63,'rejestr','0043_wysokieryzyko_remove_wysokieryzyka_created_and_more','2023-10-01 09:43:04.023580');
INSERT INTO "django_migrations" ("id","app","name","applied") VALUES (64,'rejestr','0044_remove_wysokieryzyka_created_and_more','2023-10-01 09:50:16.614657');
INSERT INTO "django_migrations" ("id","app","name","applied") VALUES (65,'rejestr','0045_czynnoscprzetwarzania_wysokieryzyka_and_more','2023-10-01 17:35:49.282735');
INSERT INTO "django_migrations" ("id","app","name","applied") VALUES (66,'rejestr','0046_remove_czynnoscprzetwarzania_przeslankalegalnosci_and_more','2023-10-01 17:41:45.165935');
INSERT INTO "django_migrations" ("id","app","name","applied") VALUES (67,'rejestr','0047_iod','2023-10-03 06:35:26.236546');
INSERT INTO "django_migrations" ("id","app","name","applied") VALUES (68,'rejestr','0048_alter_czynnoscprzetwarzania_administratorzy_and_more','2023-10-08 10:20:53.835864');
INSERT INTO "django_migrations" ("id","app","name","applied") VALUES (69,'rejestr','0049_alter_kategoriedanych_ktd_czynnoscp_and_more','2023-10-08 10:22:30.641401');
INSERT INTO "django_migrations" ("id","app","name","applied") VALUES (70,'rejestr','0050_czynnosciprzetwarzania','2023-10-08 13:18:34.783445');
INSERT INTO "django_migrations" ("id","app","name","applied") VALUES (71,'rejestr','0051_alter_czynnosciprzetwarzania_czp_czynnoscp_and_more','2023-10-08 13:18:34.996439');
INSERT INTO "django_migrations" ("id","app","name","applied") VALUES (72,'rejestr','0052_remove_czynnoscprzetwarzania_komorka','2023-10-08 13:58:44.392862');
INSERT INTO "django_migrations" ("id","app","name","applied") VALUES (73,'rejestr','0053_czynnoscprzetwarzania_komorkirealizujace_and_more','2023-10-14 16:22:56.903783');
INSERT INTO "django_migrations" ("id","app","name","applied") VALUES (74,'rejestr','0054_alter_czynnoscprzetwarzania_komorkirealizujace','2023-10-14 16:22:57.094901');
INSERT INTO "django_migrations" ("id","app","name","applied") VALUES (75,'rejestr','0055_alter_administratorzy_adm_czynnoscp_and_more','2023-10-20 21:03:02.231910');
INSERT INTO "django_migrations" ("id","app","name","applied") VALUES (76,'rejestr','0056_alter_przeslankilegalnosci_ppl_czynnoscp_and_more','2023-10-20 21:03:49.346306');
INSERT INTO "django_migrations" ("id","app","name","applied") VALUES (77,'rejestr','0057_alter_czynnoscprzetwarzania_komorkirealizujace','2023-10-21 12:25:57.099967');
INSERT INTO "django_migrations" ("id","app","name","applied") VALUES (78,'rejestr','0058_zabezpieczenie_zagrozenie','2023-10-21 16:52:32.094527');
INSERT INTO "django_migrations" ("id","app","name","applied") VALUES (79,'rejestr','0059_grupazabezpieczen_grupazagrozen_and_more','2023-10-21 17:06:15.899710');
INSERT INTO "django_migrations" ("id","app","name","applied") VALUES (80,'rejestr','0060_zabezpieczenie_odpowiedzialny_and_more','2023-10-21 18:24:01.915021');
INSERT INTO "django_migrations" ("id","app","name","applied") VALUES (81,'rejestr','0061_remove_zabezpieczenie_grupazabezpieczen_and_more','2023-10-21 21:25:33.462442');
INSERT INTO "django_migrations" ("id","app","name","applied") VALUES (82,'rejestr','0062_remove_zabezpieczenie_zagrozenie_and_more','2023-10-22 13:04:20.877296');
INSERT INTO "django_migrations" ("id","app","name","applied") VALUES (83,'rejestr','0063_remove_zabezpieczenie_odpowiedzialny_and_more','2023-10-22 13:15:53.185210');
INSERT INTO "django_migrations" ("id","app","name","applied") VALUES (84,'rejestr','0064_podatnosc_ryzyko_zakresoddzialywania_and_more','2023-10-25 19:43:25.094707');
INSERT INTO "django_migrations" ("id","app","name","applied") VALUES (85,'rejestr','0065_ryzyko_zabezpieczenie_ryzyko_zagrozenie_and_more','2023-10-25 20:52:45.476271');
INSERT INTO "django_migrations" ("id","app","name","applied") VALUES (86,'rejestr','0066_podatnosc_zagrozenie','2023-10-25 21:19:32.250633');
INSERT INTO "django_migrations" ("id","app","name","applied") VALUES (87,'rejestr','0067_rename_zagrozenie_podatnosc_zagrozenia_and_more','2023-10-26 19:18:57.158499');
INSERT INTO "django_migrations" ("id","app","name","applied") VALUES (88,'rejestr','0068_delete_ryzyko','2023-10-28 12:08:15.226678');
INSERT INTO "django_migrations" ("id","app","name","applied") VALUES (89,'rejestr','0069_ryzyko','2023-10-28 12:14:20.752331');
INSERT INTO "django_migrations" ("id","app","name","applied") VALUES (90,'rejestr','0070_remove_zabezpieczenie_zagrozenia','2023-11-05 20:20:40.333613');
INSERT INTO "django_migrations" ("id","app","name","applied") VALUES (91,'rejestr','0071_operacjeprzetwarzania','2024-01-06 19:33:41.573263');
INSERT INTO "django_migrations" ("id","app","name","applied") VALUES (92,'rejestr','0072_operacjaprzetwarzania_and_more','2024-01-07 16:59:09.690142');
INSERT INTO "django_migrations" ("id","app","name","applied") VALUES (93,'rejestr','0073_podmiotprzetwarzajacy_zabezpieczenie_komorka_and_more','2024-05-26 20:31:27.566742');
INSERT INTO "django_migrations" ("id","app","name","applied") VALUES (94,'rejestr','0074_czynnoscprzetwarzania_czn_data_obowazywania_do_and_more','2024-05-27 22:02:03.549194');
INSERT INTO "django_migrations" ("id","app","name","applied") VALUES (95,'rejestr','0075_alter_czynnoscprzetwarzania_czn_data_obowazywania_do','2024-09-01 07:47:33.368046');
INSERT INTO "django_migrations" ("id","app","name","applied") VALUES (96,'rejestr','0076_alter_czynnoscprzetwarzania_czn_pozycja_rej','2024-09-01 16:52:24.927419');
INSERT INTO "django_migrations" ("id","app","name","applied") VALUES (97,'rejestr','0077_czynnoscprzetwarzaniadodo_czynnoscprzetwarzaniarodo_and_more','2024-09-15 16:57:41.979733');
INSERT INTO "django_migrations" ("id","app","name","applied") VALUES (98,'rejestr','0078_podstawaprawnaprzetwarzania_and_more','2024-10-03 20:00:26.802473');
INSERT INTO "django_migrations" ("id","app","name","applied") VALUES (99,'rejestr','0079_remove_czynnoscprzetwarzania_czn_podstawa_prawna_and_more','2024-10-03 20:09:29.251069');
INSERT INTO "django_session" ("session_key","session_data","expire_date") VALUES ('lx5o8tubrc94ezlih5f2xwxwccj4p1ff','.eJxVjEsOAiEQBe_C2hCan-jSvWcgDd3IqIFkmFkZ766TzEK3r6reS0RclxrXwXOcSJwFiMPvljA_uG2A7thuXebelnlKclPkToe8duLnZXf_DiqO-q1ZhwDOGw-q6MABOGvnrVFgjKVcbDHFW-sYQZFPx0IAnJL2GICUPYn3B7p0NzQ:1qs6jM:scRjhDDQoOtQ3EYKew_OLOdNuC054HJA2Lxnh6XKmDU','2023-10-29 19:24:52.898896');
INSERT INTO "django_session" ("session_key","session_data","expire_date") VALUES ('nnkp5tb61kr6j4v7o8md75ajjpzb73tm','.eJxVjEsOAiEQBe_C2hCan-jSvWcgDd3IqIFkmFkZ766TzEK3r6reS0RclxrXwXOcSJwFiMPvljA_uG2A7thuXebelnlKclPkToe8duLnZXf_DiqO-q1ZhwDOGw-q6MABOGvnrVFgjKVcbDHFW-sYQZFPx0IAnJL2GICUPYn3B7p0NzQ:1sCdjq:f5QW_VLfd_YqlbrsLB1G4Cio5fdtf_orG_JjPCXfgS4','2024-06-13 11:14:30.533679');
INSERT INTO "django_session" ("session_key","session_data","expire_date") VALUES ('smxp8edx5gqt7369rsegd45jnslwf2vl','.eJxVjEEOwiAQRe_C2hAYBDou3XuGBphBqgaS0q6MdzckXej2v_f-W8xh38q8d17nhcRFaHH63WJIT64D0CPUe5Op1W1dohyKPGiXt0b8uh7u30EJvYw6glfJRY-sQVPwcPaIU1SWjWG0yWHOCqwNCGQmB9agA2LtLbmctPh8Ac2oNyg:1svM6D:p35S-f2l9r96-ZuQVcgbCKV-3y-PvyzyJKzpoyYaoqg','2024-10-14 19:30:25.352334');
INSERT INTO "rejestr_administratorzy" ("id","adm_czynnoscp_id","adm_organizacja_id") VALUES (1,3,5);
INSERT INTO "rejestr_administratorzy" ("id","adm_czynnoscp_id","adm_organizacja_id") VALUES (3,4,5);
INSERT INTO "rejestr_administratorzy" ("id","adm_czynnoscp_id","adm_organizacja_id") VALUES (4,5,5);
INSERT INTO "rejestr_administratorzy" ("id","adm_czynnoscp_id","adm_organizacja_id") VALUES (6,6,5);
INSERT INTO "rejestr_administratorzy" ("id","adm_czynnoscp_id","adm_organizacja_id") VALUES (7,2,5);
INSERT INTO "rejestr_administratorzy" ("id","adm_czynnoscp_id","adm_organizacja_id") VALUES (8,7,3);
INSERT INTO "rejestr_administratorzy" ("id","adm_czynnoscp_id","adm_organizacja_id") VALUES (11,2,3);
INSERT INTO "rejestr_administratorzy" ("id","adm_czynnoscp_id","adm_organizacja_id") VALUES (17,15,9);
INSERT INTO "rejestr_administratorzy" ("id","adm_czynnoscp_id","adm_organizacja_id") VALUES (25,22,9);
INSERT INTO "rejestr_administratorzy" ("id","adm_czynnoscp_id","adm_organizacja_id") VALUES (26,22,3);
INSERT INTO "rejestr_administratorzy" ("id","adm_czynnoscp_id","adm_organizacja_id") VALUES (29,25,9);
INSERT INTO "rejestr_administratorzy" ("id","adm_czynnoscp_id","adm_organizacja_id") VALUES (30,25,3);
INSERT INTO "rejestr_administratorzy" ("id","adm_czynnoscp_id","adm_organizacja_id") VALUES (32,27,9);
INSERT INTO "rejestr_administratorzy" ("id","adm_czynnoscp_id","adm_organizacja_id") VALUES (33,27,3);
INSERT INTO "rejestr_administratorzy" ("id","adm_czynnoscp_id","adm_organizacja_id") VALUES (35,29,9);
INSERT INTO "rejestr_administratorzy" ("id","adm_czynnoscp_id","adm_organizacja_id") VALUES (36,29,3);
INSERT INTO "rejestr_administratorzy" ("id","adm_czynnoscp_id","adm_organizacja_id") VALUES (49,42,5);
INSERT INTO "rejestr_administratorzy" ("id","adm_czynnoscp_id","adm_organizacja_id") VALUES (50,43,5);
INSERT INTO "rejestr_administratorzy" ("id","adm_czynnoscp_id","adm_organizacja_id") VALUES (53,46,3);
INSERT INTO "rejestr_administratorzy" ("id","adm_czynnoscp_id","adm_organizacja_id") VALUES (54,47,5);
INSERT INTO "rejestr_administratorzy" ("id","adm_czynnoscp_id","adm_organizacja_id") VALUES (55,48,3);
INSERT INTO "rejestr_administratorzy" ("id","adm_czynnoscp_id","adm_organizacja_id") VALUES (56,49,5);
INSERT INTO "rejestr_administratorzy" ("id","adm_czynnoscp_id","adm_organizacja_id") VALUES (57,49,3);
INSERT INTO "rejestr_administratorzy" ("id","adm_czynnoscp_id","adm_organizacja_id") VALUES (58,50,9);
INSERT INTO "rejestr_administratorzy" ("id","adm_czynnoscp_id","adm_organizacja_id") VALUES (59,50,3);
INSERT INTO "rejestr_czynnosciprzetwarzania" ("id","czp_czynnoscp_id","czp_komorka_id") VALUES (2,4,4);
INSERT INTO "rejestr_czynnosciprzetwarzania" ("id","czp_czynnoscp_id","czp_komorka_id") VALUES (4,5,3);
INSERT INTO "rejestr_czynnosciprzetwarzania" ("id","czp_czynnoscp_id","czp_komorka_id") VALUES (5,2,3);
INSERT INTO "rejestr_czynnosciprzetwarzania" ("id","czp_czynnoscp_id","czp_komorka_id") VALUES (6,4,5);
INSERT INTO "rejestr_czynnosciprzetwarzania" ("id","czp_czynnoscp_id","czp_komorka_id") VALUES (7,15,3);
INSERT INTO "rejestr_czynnosciprzetwarzania" ("id","czp_czynnoscp_id","czp_komorka_id") VALUES (8,22,3);
INSERT INTO "rejestr_czynnoscprzetwarzania" ("id","czn_nazwa","czn_pozycja_rej","last_updated","czn_status_zatw","czn_przepis_wrazliwe","czn_active","created","czn_zrodlo_danych","czn_opis_celu","OkresRetencji_id","Rejestr_id","czn_data_obowazywania_do","czn_data_obowazywania_od","czn_data_wyrejestrowania","czn_data_zgloszenia","czn_podstawa_prawna") VALUES (2,'Rekrutacja na stanowiska w SCS',1,'2024-10-01 19:51:21.495008','OCZEKUJCA','art. 23 ustawy o KAS',1,'2023-09-29 07:22:44.040805','Osoba','xxgdfv',4,1,NULL,'2023-07-29',NULL,'2023-07-17',' ?? ');
INSERT INTO "rejestr_czynnoscprzetwarzania" ("id","czn_nazwa","czn_pozycja_rej","last_updated","czn_status_zatw","czn_przepis_wrazliwe","czn_active","created","czn_zrodlo_danych","czn_opis_celu","OkresRetencji_id","Rejestr_id","czn_data_obowazywania_do","czn_data_obowazywania_od","czn_data_wyrejestrowania","czn_data_zgloszenia","czn_podstawa_prawna") VALUES (3,'Zarzdzanie procesem zatrudnienia pracownikw cywilnych',2,'2024-05-27 06:59:11.203615','OCZEKUJCA','art. 4 ustawy Kodeks Pracy',1,'2023-09-29 13:16:19.163493','Od osoby, ktrej dane dotycz lub od innych osb','Zarzdzanie procesem zatrudnienia pracownikw cywilnych',5,1,NULL,NULL,NULL,NULL,' ?? ');
INSERT INTO "rejestr_czynnoscprzetwarzania" ("id","czn_nazwa","czn_pozycja_rej","last_updated","czn_status_zatw","czn_przepis_wrazliwe","czn_active","created","czn_zrodlo_danych","czn_opis_celu","OkresRetencji_id","Rejestr_id","czn_data_obowazywania_do","czn_data_obowazywania_od","czn_data_wyrejestrowania","czn_data_zgloszenia","czn_podstawa_prawna") VALUES (4,'Reklamowanie od suby wojskowej',3,'2024-08-28 21:24:55.550161','OCZEKUJCA','art. 23 ustawy Kodeks Pracy',1,'2023-10-08 09:46:37.495884','Od osoby, ktrej dane dotycz lub od innych osb','zwolnienie od obowizkowego uczestnictwa w wiczeniach rezerwistw',4,1,'2029-01-01','2024-09-01','2024-01-01','2024-08-01',' ?? ');
INSERT INTO "rejestr_czynnoscprzetwarzania" ("id","czn_nazwa","czn_pozycja_rej","last_updated","czn_status_zatw","czn_przepis_wrazliwe","czn_active","created","czn_zrodlo_danych","czn_opis_celu","OkresRetencji_id","Rejestr_id","czn_data_obowazywania_do","czn_data_obowazywania_od","czn_data_wyrejestrowania","czn_data_zgloszenia","czn_podstawa_prawna") VALUES (5,'Przetwarzanie danych o ukaraniu',3,'2024-09-21 19:59:20.801818','OCZEKUJCA','??',1,'2023-10-19 18:32:05.308158','Bezporednio od osoby, ktrej dane dotycz','Przetwarzanie',4,3,'2029-01-01','2024-01-01','2024-01-01','2024-01-01',' ?? ');
INSERT INTO "rejestr_czynnoscprzetwarzania" ("id","czn_nazwa","czn_pozycja_rej","last_updated","czn_status_zatw","czn_przepis_wrazliwe","czn_active","created","czn_zrodlo_danych","czn_opis_celu","OkresRetencji_id","Rejestr_id","czn_data_obowazywania_do","czn_data_obowazywania_od","czn_data_wyrejestrowania","czn_data_zgloszenia","czn_podstawa_prawna") VALUES (6,'Przetwarzanie danych zawartych w skargach na dziaanie organu w I instancji',2,'2024-09-21 19:59:03.677317','OCZEKUJCA','KPA',1,'2023-11-05 16:30:20.700623','Bezporednio od osoby, ktrej dane dotycz','Realizacja prawa do skargi na na dziaanie organu',4,3,NULL,NULL,NULL,NULL,' ?? ');
INSERT INTO "rejestr_czynnoscprzetwarzania" ("id","czn_nazwa","czn_pozycja_rej","last_updated","czn_status_zatw","czn_przepis_wrazliwe","czn_active","created","czn_zrodlo_danych","czn_opis_celu","OkresRetencji_id","Rejestr_id","czn_data_obowazywania_do","czn_data_obowazywania_od","czn_data_wyrejestrowania","czn_data_zgloszenia","czn_podstawa_prawna") VALUES (7,'Weryfikacja danych w systemie KSI',1,'2024-09-21 15:29:11.282919','OCZEKUJCA','Ustawa o udziale Schengen',1,'2024-05-28 20:17:45.924457','Od innej osoby, ni osoba ktrej dane dotycz','Zwalczanie przestpczosci',4,4,'2029-01-01','2024-01-01','2024-01-01','2024-01-01',' ?? ');
INSERT INTO "rejestr_czynnoscprzetwarzania" ("id","czn_nazwa","czn_pozycja_rej","last_updated","czn_status_zatw","czn_przepis_wrazliwe","czn_active","created","czn_zrodlo_danych","czn_opis_celu","OkresRetencji_id","Rejestr_id","czn_data_obowazywania_do","czn_data_obowazywania_od","czn_data_wyrejestrowania","czn_data_zgloszenia","czn_podstawa_prawna") VALUES (15,'geoinfo',1,'2024-09-19 19:28:48.082906','OCZEKUJCA','art. 23 ustawy o KAS',1,'2024-09-01 16:45:22.207287','Od innej osoby, ni osoba ktrej dane dotycz','Zwalczanie przestpczoci',1,3,NULL,NULL,NULL,'2024-08-01',' ?? ');
INSERT INTO "rejestr_czynnoscprzetwarzania" ("id","czn_nazwa","czn_pozycja_rej","last_updated","czn_status_zatw","czn_przepis_wrazliwe","czn_active","created","czn_zrodlo_danych","czn_opis_celu","OkresRetencji_id","Rejestr_id","czn_data_obowazywania_do","czn_data_obowazywania_od","czn_data_wyrejestrowania","czn_data_zgloszenia","czn_podstawa_prawna") VALUES (22,'powierzenie danych pracownikw MF',1,'2024-09-19 19:40:22.610625','OCZEKUJCA','art. 4 ustawy Kodeks Pracy',1,'2024-09-19 19:39:56.665428','Od innej osoby, ni osoba ktrej dane dotycz','powierzenie przetwarzania',4,2,NULL,NULL,'2024-01-01','2024-01-01',' ?? ');
INSERT INTO "rejestr_czynnoscprzetwarzania" ("id","czn_nazwa","czn_pozycja_rej","last_updated","czn_status_zatw","czn_przepis_wrazliwe","czn_active","created","czn_zrodlo_danych","czn_opis_celu","OkresRetencji_id","Rejestr_id","czn_data_obowazywania_do","czn_data_obowazywania_od","czn_data_wyrejestrowania","czn_data_zgloszenia","czn_podstawa_prawna") VALUES (25,'_klon_powierzenie danych pracownikw MF',2,'2024-09-19 20:10:10.554129','OCZEKUJCA','art. 4 ustawy Kodeks Pracy',1,'2024-09-19 20:10:10.554129','Od innej osoby, ni osoba ktrej dane dotycz','powierzenie przetwarzania',4,2,NULL,NULL,NULL,'2024-01-01',' ?? ');
INSERT INTO "rejestr_czynnoscprzetwarzania" ("id","czn_nazwa","czn_pozycja_rej","last_updated","czn_status_zatw","czn_przepis_wrazliwe","czn_active","created","czn_zrodlo_danych","czn_opis_celu","OkresRetencji_id","Rejestr_id","czn_data_obowazywania_do","czn_data_obowazywania_od","czn_data_wyrejestrowania","czn_data_zgloszenia","czn_podstawa_prawna") VALUES (27,'_klon__klon_powierzenie danych pracownikw MF',3,'2024-09-19 20:30:53.135780','OCZEKUJCA','art. 4 ustawy Kodeks Pracy',1,'2024-09-19 20:30:53.135780','Od innej osoby, ni osoba ktrej dane dotycz','powierzenie przetwarzania',4,2,NULL,NULL,NULL,'2024-01-01',' ?? ');
INSERT INTO "rejestr_czynnoscprzetwarzania" ("id","czn_nazwa","czn_pozycja_rej","last_updated","czn_status_zatw","czn_przepis_wrazliwe","czn_active","created","czn_zrodlo_danych","czn_opis_celu","OkresRetencji_id","Rejestr_id","czn_data_obowazywania_do","czn_data_obowazywania_od","czn_data_wyrejestrowania","czn_data_zgloszenia","czn_podstawa_prawna") VALUES (29,'_klon__klon__klon_powierzenie danych pracownikw MF',4,'2024-09-19 20:31:44.499688','OCZEKUJCA','art. 4 ustawy Kodeks Pracy',1,'2024-09-19 20:31:44.499688','Od innej osoby, ni osoba ktrej dane dotycz','powierzenie przetwarzania',4,2,NULL,NULL,NULL,'2024-01-01',' ?? ');
INSERT INTO "rejestr_czynnoscprzetwarzania" ("id","czn_nazwa","czn_pozycja_rej","last_updated","czn_status_zatw","czn_przepis_wrazliwe","czn_active","created","czn_zrodlo_danych","czn_opis_celu","OkresRetencji_id","Rejestr_id","czn_data_obowazywania_do","czn_data_obowazywania_od","czn_data_wyrejestrowania","czn_data_zgloszenia","czn_podstawa_prawna") VALUES (42,'_klon_Przetwarzanie danych o ukaraniu',4,'2024-09-21 20:00:17.640699','OCZEKUJCA','??',1,'2024-09-21 19:52:14.563572','Bezporednio od osoby, ktrej dane dotycz','Przetwarzanie',4,3,NULL,NULL,NULL,'2024-01-01',' ?? ');
INSERT INTO "rejestr_czynnoscprzetwarzania" ("id","czn_nazwa","czn_pozycja_rej","last_updated","czn_status_zatw","czn_przepis_wrazliwe","czn_active","created","czn_zrodlo_danych","czn_opis_celu","OkresRetencji_id","Rejestr_id","czn_data_obowazywania_do","czn_data_obowazywania_od","czn_data_wyrejestrowania","czn_data_zgloszenia","czn_podstawa_prawna") VALUES (43,'Postpowanie mandatowe',4,'2024-09-21 19:57:47.753776','-----------','art. 82 utawy kodeks karny skarbowy',1,'2024-09-21 19:57:47.753776','Bezporednio od osoby, ktrej dane dotycz','ukaranie osoby, u ktrej wykryto towary zakazane',4,1,'2029-01-01','2024-09-01','2024-01-01','2024-01-01',' ?? ');
INSERT INTO "rejestr_czynnoscprzetwarzania" ("id","czn_nazwa","czn_pozycja_rej","last_updated","czn_status_zatw","czn_przepis_wrazliwe","czn_active","created","czn_zrodlo_danych","czn_opis_celu","OkresRetencji_id","Rejestr_id","czn_data_obowazywania_do","czn_data_obowazywania_od","czn_data_wyrejestrowania","czn_data_zgloszenia","czn_podstawa_prawna") VALUES (46,'_klon_Weryfikacja danych w systemie KSI',2,'2024-09-21 20:14:35.305740','OCZEKUJCA','Ustawa o udziale Schengen',1,'2024-09-21 20:14:35.305740','Od innej osoby, ni osoba ktrej dane dotycz','Zwalczanie przestpczosci',4,4,NULL,NULL,NULL,'2024-01-01',' ?? ');
INSERT INTO "rejestr_czynnoscprzetwarzania" ("id","czn_nazwa","czn_pozycja_rej","last_updated","czn_status_zatw","czn_przepis_wrazliwe","czn_active","created","czn_zrodlo_danych","czn_opis_celu","OkresRetencji_id","Rejestr_id","czn_data_obowazywania_do","czn_data_obowazywania_od","czn_data_wyrejestrowania","czn_data_zgloszenia","czn_podstawa_prawna") VALUES (47,'_klon_Przetwarzanie danych zawartych w skargach na dziaanie organu w I instancji',5,'2024-09-21 20:14:53.007766','OCZEKUJCA','KPA',1,'2024-09-21 20:14:53.007766','Bezporednio od osoby, ktrej dane dotycz','Realizacja prawa do skargi na na dziaanie organu',4,3,NULL,NULL,NULL,NULL,' ?? ');
INSERT INTO "rejestr_czynnoscprzetwarzania" ("id","czn_nazwa","czn_pozycja_rej","last_updated","czn_status_zatw","czn_przepis_wrazliwe","czn_active","created","czn_zrodlo_danych","czn_opis_celu","OkresRetencji_id","Rejestr_id","czn_data_obowazywania_do","czn_data_obowazywania_od","czn_data_wyrejestrowania","czn_data_zgloszenia","czn_podstawa_prawna") VALUES (48,'_klon__klon_Weryfikacja danych w systemie KSI',3,'2024-09-21 20:15:10.090565','OCZEKUJCA','Ustawa o udziale Schengen',1,'2024-09-21 20:15:10.090565','Od innej osoby, ni osoba ktrej dane dotycz','Zwalczanie przestpczosci',4,4,NULL,NULL,NULL,'2024-01-01',' ?? ');
INSERT INTO "rejestr_czynnoscprzetwarzania" ("id","czn_nazwa","czn_pozycja_rej","last_updated","czn_status_zatw","czn_przepis_wrazliwe","czn_active","created","czn_zrodlo_danych","czn_opis_celu","OkresRetencji_id","Rejestr_id","czn_data_obowazywania_do","czn_data_obowazywania_od","czn_data_wyrejestrowania","czn_data_zgloszenia","czn_podstawa_prawna") VALUES (49,'_klon_Rekrutacja na stanowiska w SCS',5,'2024-09-29 10:10:45.327529','OCZEKUJCA','art. 23 ustawy o KAS',1,'2024-09-29 10:10:45.327529','Od osoby, ktrej dane dotycz lub od innych osb','xxgdfv',4,1,NULL,NULL,NULL,'2023-07-17',' ?? ');
INSERT INTO "rejestr_czynnoscprzetwarzania" ("id","czn_nazwa","czn_pozycja_rej","last_updated","czn_status_zatw","czn_przepis_wrazliwe","czn_active","created","czn_zrodlo_danych","czn_opis_celu","OkresRetencji_id","Rejestr_id","czn_data_obowazywania_do","czn_data_obowazywania_od","czn_data_wyrejestrowania","czn_data_zgloszenia","czn_podstawa_prawna") VALUES (50,'_klon_powierzenie danych pracownikw MF',5,'2024-10-01 22:14:47.519776','OCZEKUJCA','art. 4 ustawy Kodeks Pracy',1,'2024-10-01 22:14:47.519776','Od innej osoby, ni osoba ktrej dane dotycz','powierzenie przetwarzania',4,2,NULL,NULL,NULL,'2024-01-01',' ?? ');
INSERT INTO "rejestr_grupazabezpieczen" ("id","gzb_active","gzb_opis","created","last_updated") VALUES (1,1,'Zabezpieczenia fizyczne','2023-10-21 19:28:24.534970','2023-10-21 19:29:43.402765');
INSERT INTO "rejestr_grupazabezpieczen" ("id","gzb_active","gzb_opis","created","last_updated") VALUES (2,1,'Zabezpieczenia organizacyjne','2023-10-21 19:29:02.947098','2023-10-21 19:29:02.947098');
INSERT INTO "rejestr_grupazabezpieczen" ("id","gzb_active","gzb_opis","created","last_updated") VALUES (4,1,'Zabezpieczenia elektroniczne','2023-10-21 19:45:31.962506','2023-10-21 19:45:31.962506');
INSERT INTO "rejestr_grupazabezpieczen" ("id","gzb_active","gzb_opis","created","last_updated") VALUES (5,1,'Zabezpieczenie techniczne','2023-10-22 12:29:06.870409','2023-10-22 12:29:06.870409');
INSERT INTO "rejestr_grupazabezpieczen" ("id","gzb_active","gzb_opis","created","last_updated") VALUES (6,1,'Zabezpieczenie logiczne','2023-10-22 12:29:23.902760','2023-10-22 12:29:23.902760');
INSERT INTO "rejestr_grupazabezpieczen" ("id","gzb_active","gzb_opis","created","last_updated") VALUES (7,1,'Zabezpieczenie budowlane','2023-10-22 12:39:21.297400','2023-10-22 12:39:21.297400');
INSERT INTO "rejestr_grupazagrozen" ("id","gzg_active","gzg_opis","created","last_updated") VALUES (2,1,'zniszczenia fizyczne','2023-10-22 11:18:10','2023-10-22 11:18:10');
INSERT INTO "rejestr_grupazagrozen" ("id","gzg_active","gzg_opis","created","last_updated") VALUES (3,1,'zjawiska naturalne','2023-10-22 11:18:10','2023-10-22 11:18:10');
INSERT INTO "rejestr_grupazagrozen" ("id","gzg_active","gzg_opis","created","last_updated") VALUES (4,1,'utrata podstawowych usug','2023-10-22 11:18:10','2023-10-22 11:18:10');
INSERT INTO "rejestr_grupazagrozen" ("id","gzg_active","gzg_opis","created","last_updated") VALUES (5,1,'zakcenia spowodowane promieniowaniem','2023-10-22 11:18:10','2023-10-22 11:18:10');
INSERT INTO "rejestr_grupazagrozen" ("id","gzg_active","gzg_opis","created","last_updated") VALUES (6,1,'naruszenie bezpieczestwa informacji','2023-10-22 11:18:10','2023-10-22 11:18:10');
INSERT INTO "rejestr_grupazagrozen" ("id","gzg_active","gzg_opis","created","last_updated") VALUES (7,1,'awarie techniczne','2023-10-22 11:18:10','2023-10-22 11:18:10');
INSERT INTO "rejestr_grupazagrozen" ("id","gzg_active","gzg_opis","created","last_updated") VALUES (8,1,'nieautoryzowane dziaania','2023-10-22 11:18:10','2023-10-22 11:18:10');
INSERT INTO "rejestr_grupazagrozen" ("id","gzg_active","gzg_opis","created","last_updated") VALUES (9,1,'naruszenie bezpieczestwa funkcji','2023-10-22 11:18:10','2023-10-22 11:18:10');
INSERT INTO "rejestr_kategoriadanych" ("id","created","last_updated","kd_dane_szczegolne","kd_active","kd_skrot","kd_opis") VALUES (1,'2023-10-01 07:18:52.139005','2023-10-01 07:18:52.139005',0,1,'PESEL','Unikalny identyfikator osoby, ktrej dane dotycz');
INSERT INTO "rejestr_kategoriadanych" ("id","created","last_updated","kd_dane_szczegolne","kd_active","kd_skrot","kd_opis") VALUES (2,'2023-10-01 07:19:51.267150','2023-10-01 07:19:51.267150',0,1,'Numer konta bankowego','Dane dotyczce stanu materialnego osoby, ktrej dane dotycz');
INSERT INTO "rejestr_kategoriadanych" ("id","created","last_updated","kd_dane_szczegolne","kd_active","kd_skrot","kd_opis") VALUES (3,'2023-10-01 07:20:21.177070','2024-09-21 21:04:48.824179',0,1,'Pe','Okrelenie pci osoby fizycznej');
INSERT INTO "rejestr_kategoriadanych" ("id","created","last_updated","kd_dane_szczegolne","kd_active","kd_skrot","kd_opis") VALUES (5,'2023-10-01 07:21:00.037793','2023-11-05 16:34:20.831037',1,1,'Dane dotyczce stanu zdrowia','Dane, z ktrych mona wywnioskowa stan zdrowia osoby, ktrej dane dotycz lub innych osb, o ile zostay przekazane');
INSERT INTO "rejestr_kategoriadanych" ("id","created","last_updated","kd_dane_szczegolne","kd_active","kd_skrot","kd_opis") VALUES (6,'2023-11-05 16:31:45.784230','2023-11-05 16:31:45.784230',0,1,'Dane o ukaraniu','Informacje o karach naoonych przez organy finansowe');
INSERT INTO "rejestr_kategoriadanych" ("id","created","last_updated","kd_dane_szczegolne","kd_active","kd_skrot","kd_opis") VALUES (7,'2023-11-05 16:35:41.992406','2023-11-05 16:36:02.390014',0,1,'Kwota zalegoci wobec organu','Warto, ktra jest przedmiotem dochodzenia przez organ finansowy');
INSERT INTO "rejestr_kategoriadanych" ("id","created","last_updated","kd_dane_szczegolne","kd_active","kd_skrot","kd_opis") VALUES (8,'2023-11-05 16:37:31.963131','2023-11-05 16:37:31.963131',0,1,'Stan majtkowy','Informacje, z ktrych mona wywnioskowa stan materialny osoby (w tym nieprawdziwy)');
INSERT INTO "rejestr_kategoriadanych" ("id","created","last_updated","kd_dane_szczegolne","kd_active","kd_skrot","kd_opis") VALUES (9,'2023-11-05 16:37:59.468701','2023-11-05 16:42:58.541635',1,1,'Orientacja seksualna','Informacje, z ktrych mona wywnioskowa stan orientacj seksualn osoby (w tym nieprawdziw)');
INSERT INTO "rejestr_kategoriadanych" ("id","created","last_updated","kd_dane_szczegolne","kd_active","kd_skrot","kd_opis") VALUES (10,'2023-11-05 16:39:58.264213','2023-11-05 16:42:49.214529',1,1,'Przynaleno do organizacji zwizkowych','Informacje o przynalenoci do zwizkw zawodowych');
INSERT INTO "rejestr_kategoriadanych" ("id","created","last_updated","kd_dane_szczegolne","kd_active","kd_skrot","kd_opis") VALUES (11,'2023-11-05 16:40:47.430037','2023-11-05 16:42:34.198984',1,1,'Pogldy polityczne','Informacje, z ktrych mona wywnioskowa pogldy polityczne osoby (w tym nieprawdziwy)');
INSERT INTO "rejestr_kategoriadanych" ("id","created","last_updated","kd_dane_szczegolne","kd_active","kd_skrot","kd_opis") VALUES (12,'2023-11-05 16:42:17.533543','2023-11-05 16:43:31.287376',1,1,'Dane genetyczne','Informacje zwizane z genetycznymi wasnociami osoby');
INSERT INTO "rejestr_kategoriadanych" ("id","created","last_updated","kd_dane_szczegolne","kd_active","kd_skrot","kd_opis") VALUES (13,'2023-11-05 16:44:52.738875','2023-11-05 16:45:43.400382',1,1,'Tajemnica skarbowa','Informacje objte tajemnic skarbow');
INSERT INTO "rejestr_kategoriadanych" ("id","created","last_updated","kd_dane_szczegolne","kd_active","kd_skrot","kd_opis") VALUES (14,'2023-11-05 16:45:27.897084','2023-11-05 16:45:27.897084',1,1,'Tajemnica celna','Informacje objte tajemnic celn');
INSERT INTO "rejestr_kategoriadanych" ("id","created","last_updated","kd_dane_szczegolne","kd_active","kd_skrot","kd_opis") VALUES (15,'2024-09-19 17:22:41.160939','2024-09-19 17:22:41.169060',0,1,'Lokalizacja towaru','Miejsce odprawy, rozadunku lub przechowywania towaru');
INSERT INTO "rejestr_kategoriadanych" ("id","created","last_updated","kd_dane_szczegolne","kd_active","kd_skrot","kd_opis") VALUES (16,'2024-09-19 17:23:44.527541','2024-09-21 21:05:29.113040',0,1,'Dane z deklaracji skrconej','informacje opisujce zgoszenie celne');
INSERT INTO "rejestr_kategoriadanych" ("id","created","last_updated","kd_dane_szczegolne","kd_active","kd_skrot","kd_opis") VALUES (17,'2024-09-21 21:05:13.299870','2024-09-21 21:05:13.299870',0,1,'Numer konta bankowego','');
INSERT INTO "rejestr_kategoriadanych" ("id","created","last_updated","kd_dane_szczegolne","kd_active","kd_skrot","kd_opis") VALUES (18,'2024-09-29 11:38:28.745855','2024-09-29 11:41:22.348620',0,1,'Dane z deklaracji podatkowej PIT','informacje opisujce deklaracj podatkow PIT');
INSERT INTO "rejestr_kategoriaodbiorcow" ("id","created","last_updated","kto_active","kto_opis","kto_skrot") VALUES (1,'2023-09-30 22:14:58.492221','2023-09-30 22:23:09.588544',1,'Organy cigania s uprawnione do przetwarzania danych ortzymywanych w zwizku z popenieniem czynu zabronionego na w zwizku z obowizkiem prawnym cicym na administratorze','Organy cigania');
INSERT INTO "rejestr_kategoriaodbiorcow" ("id","created","last_updated","kto_active","kto_opis","kto_skrot") VALUES (2,'2023-10-01 08:04:57.627539','2023-10-01 08:04:57.628051',1,'W ramach pospowa sprawdzajcych','ABW');
INSERT INTO "rejestr_kategoriaodbiorcow" ("id","created","last_updated","kto_active","kto_opis","kto_skrot") VALUES (3,'2023-10-01 08:07:13.724252','2023-10-01 08:07:13.724252',1,'w zwizku z zatrudnieniem','ZUS');
INSERT INTO "rejestr_kategoriaodbiorcow" ("id","created","last_updated","kto_active","kto_opis","kto_skrot") VALUES (4,'2023-10-08 09:47:58.936395','2023-10-08 09:47:58.936395',1,'Wojskowa komenda uzupenie (MON)','WKU');
INSERT INTO "rejestr_kategoriaodbiorcow" ("id","created","last_updated","kto_active","kto_opis","kto_skrot") VALUES (5,'2024-09-21 21:07:22.267881','2024-09-21 21:07:22.267881',1,'','Policja');
INSERT INTO "rejestr_kategoriaodbiorcow" ("id","created","last_updated","kto_active","kto_opis","kto_skrot") VALUES (6,'2024-09-21 21:07:38.283972','2024-09-21 21:07:38.283972',1,'','Prokuratura');
INSERT INTO "rejestr_kategoriaodbiorcow" ("id","created","last_updated","kto_active","kto_opis","kto_skrot") VALUES (7,'2024-09-21 21:08:25.712959','2024-09-21 21:08:25.712959',1,'inne Izby Administracji Skarbowej','Inne IAS');
INSERT INTO "rejestr_kategoriaodbiorcow" ("id","created","last_updated","kto_active","kto_opis","kto_skrot") VALUES (8,'2024-09-21 21:08:49.995927','2024-09-21 21:08:49.996927',1,'','Urzdy Pracy');
INSERT INTO "rejestr_kategoriaodbiorcow" ("id","created","last_updated","kto_active","kto_opis","kto_skrot") VALUES (9,'2024-09-21 21:09:14.694303','2024-09-21 21:09:14.694303',1,'','Sd');
INSERT INTO "rejestr_kategoriaosob" ("id","created","last_updated","ko_opis","ko_skrot","ko_active") VALUES (1,'2023-09-30 21:22:26.328812','2023-11-05 16:22:44.306430','Osoby fizyczne spoza organizacji','Osoby fizyczne poszukujce zatrudnienia',1);
INSERT INTO "rejestr_kategoriaosob" ("id","created","last_updated","ko_opis","ko_skrot","ko_active") VALUES (4,'2023-10-01 08:08:09.281478','2023-10-01 08:08:09.281478','Pracownicy i funkcjonariusze KAS','Pracownicy',1);
INSERT INTO "rejestr_kategoriaosob" ("id","created","last_updated","ko_opis","ko_skrot","ko_active") VALUES (5,'2023-11-05 16:21:20.875532','2023-11-05 16:21:20.875532','Klienci urzdu - podatnicy skadajcy deklaracje podatkowe oraz zgoszenia celne','Podatnicy',1);
INSERT INTO "rejestr_kategoriaosob" ("id","created","last_updated","ko_opis","ko_skrot","ko_active") VALUES (6,'2023-11-05 16:22:27.402632','2023-11-05 16:22:27.402632','Osoby fizyczne przekraczajce granic pastwa w przywozie lub wywozie','Podrni',1);
INSERT INTO "rejestr_kategoriaosob" ("id","created","last_updated","ko_opis","ko_skrot","ko_active") VALUES (7,'2023-11-05 17:32:23.251863','2023-11-05 17:32:23.251863','','Rodziny pracownikw',1);
INSERT INTO "rejestr_kategoriaosob" ("id","created","last_updated","ko_opis","ko_skrot","ko_active") VALUES (8,'2024-05-20 20:04:12.252043','2024-05-20 20:04:12.252043','Podmioty prawne dokonujce transakcji finansowych na terenie UE','Operatorzy ekonomiczni',1);
INSERT INTO "rejestr_kategoriaosob" ("id","created","last_updated","ko_opis","ko_skrot","ko_active") VALUES (9,'2024-05-27 09:40:03.154559','2024-05-27 09:40:03.154559','Osoby, ktre odbyway sta w komrkach IAS/US','Stayci (byli)',1);
INSERT INTO "rejestr_kategoriaosob" ("id","created","last_updated","ko_opis","ko_skrot","ko_active") VALUES (10,'2024-05-27 09:41:05.769914','2024-05-27 09:41:05.769914','Osoby, ktre odbyway praktyk w IAS/US','Praktykanci',1);
INSERT INTO "rejestr_kategoriaosob" ("id","created","last_updated","ko_opis","ko_skrot","ko_active") VALUES (11,'2024-09-21 21:00:54.033976','2024-09-21 21:00:54.034599','Osoby fizyczne nie podajce danych identyfikacyjnych','Osoby fizyczne anonimowe',1);
INSERT INTO "rejestr_kategoriaosob" ("id","created","last_updated","ko_opis","ko_skrot","ko_active") VALUES (12,'2024-09-21 21:03:07.568960','2024-09-21 21:03:30.382295','Aktualni lub byli pracownicy dokonujcy wewntrznych zgosze naruszenia prawa','Sygnalici (wewntrzni)',1);
INSERT INTO "rejestr_kategoriaosob" ("id","created","last_updated","ko_opis","ko_skrot","ko_active") VALUES (13,'2024-09-21 21:06:59.520187','2024-09-21 21:06:59.520187','Osoby, ktre ukarano orzeczeniem DIAS','Osoby ukarane przez IAS',1);
INSERT INTO "rejestr_kategoriaosob" ("id","created","last_updated","ko_opis","ko_skrot","ko_active") VALUES (14,'2024-09-29 11:25:31.914984','2024-09-29 11:25:31.914984','Osoby fizyczne spoza organizacji','klon_Osoby fizyczne poszukujce zatrudnienia',1);
INSERT INTO "rejestr_kategoriedanych" ("id","ktd_czynnoscp_id","ktd_dane_id") VALUES (1,3,1);
INSERT INTO "rejestr_kategoriedanych" ("id","ktd_czynnoscp_id","ktd_dane_id") VALUES (2,3,2);
INSERT INTO "rejestr_kategoriedanych" ("id","ktd_czynnoscp_id","ktd_dane_id") VALUES (3,3,3);
INSERT INTO "rejestr_kategoriedanych" ("id","ktd_czynnoscp_id","ktd_dane_id") VALUES (4,3,5);
INSERT INTO "rejestr_kategoriedanych" ("id","ktd_czynnoscp_id","ktd_dane_id") VALUES (8,4,1);
INSERT INTO "rejestr_kategoriedanych" ("id","ktd_czynnoscp_id","ktd_dane_id") VALUES (9,5,1);
INSERT INTO "rejestr_kategoriedanych" ("id","ktd_czynnoscp_id","ktd_dane_id") VALUES (10,5,5);
INSERT INTO "rejestr_kategoriedanych" ("id","ktd_czynnoscp_id","ktd_dane_id") VALUES (11,6,1);
INSERT INTO "rejestr_kategoriedanych" ("id","ktd_czynnoscp_id","ktd_dane_id") VALUES (12,6,3);
INSERT INTO "rejestr_kategoriedanych" ("id","ktd_czynnoscp_id","ktd_dane_id") VALUES (13,6,5);
INSERT INTO "rejestr_kategoriedanych" ("id","ktd_czynnoscp_id","ktd_dane_id") VALUES (14,7,1);
INSERT INTO "rejestr_kategoriedanych" ("id","ktd_czynnoscp_id","ktd_dane_id") VALUES (15,7,6);
INSERT INTO "rejestr_kategoriedanych" ("id","ktd_czynnoscp_id","ktd_dane_id") VALUES (22,15,1);
INSERT INTO "rejestr_kategoriedanych" ("id","ktd_czynnoscp_id","ktd_dane_id") VALUES (23,15,13);
INSERT INTO "rejestr_kategoriedanych" ("id","ktd_czynnoscp_id","ktd_dane_id") VALUES (24,15,14);
INSERT INTO "rejestr_kategoriedanych" ("id","ktd_czynnoscp_id","ktd_dane_id") VALUES (37,22,16);
INSERT INTO "rejestr_kategoriedanych" ("id","ktd_czynnoscp_id","ktd_dane_id") VALUES (38,22,3);
INSERT INTO "rejestr_kategoriedanych" ("id","ktd_czynnoscp_id","ktd_dane_id") VALUES (39,22,15);
INSERT INTO "rejestr_kategoriedanych" ("id","ktd_czynnoscp_id","ktd_dane_id") VALUES (44,25,16);
INSERT INTO "rejestr_kategoriedanych" ("id","ktd_czynnoscp_id","ktd_dane_id") VALUES (45,25,3);
INSERT INTO "rejestr_kategoriedanych" ("id","ktd_czynnoscp_id","ktd_dane_id") VALUES (46,25,15);
INSERT INTO "rejestr_kategoriedanych" ("id","ktd_czynnoscp_id","ktd_dane_id") VALUES (50,27,16);
INSERT INTO "rejestr_kategoriedanych" ("id","ktd_czynnoscp_id","ktd_dane_id") VALUES (51,27,3);
INSERT INTO "rejestr_kategoriedanych" ("id","ktd_czynnoscp_id","ktd_dane_id") VALUES (52,27,15);
INSERT INTO "rejestr_kategoriedanych" ("id","ktd_czynnoscp_id","ktd_dane_id") VALUES (56,29,16);
INSERT INTO "rejestr_kategoriedanych" ("id","ktd_czynnoscp_id","ktd_dane_id") VALUES (57,29,3);
INSERT INTO "rejestr_kategoriedanych" ("id","ktd_czynnoscp_id","ktd_dane_id") VALUES (58,29,15);
INSERT INTO "rejestr_kategoriedanych" ("id","ktd_czynnoscp_id","ktd_dane_id") VALUES (85,42,1);
INSERT INTO "rejestr_kategoriedanych" ("id","ktd_czynnoscp_id","ktd_dane_id") VALUES (86,42,5);
INSERT INTO "rejestr_kategoriedanych" ("id","ktd_czynnoscp_id","ktd_dane_id") VALUES (87,43,1);
INSERT INTO "rejestr_kategoriedanych" ("id","ktd_czynnoscp_id","ktd_dane_id") VALUES (88,43,6);
INSERT INTO "rejestr_kategoriedanych" ("id","ktd_czynnoscp_id","ktd_dane_id") VALUES (89,43,8);
INSERT INTO "rejestr_kategoriedanych" ("id","ktd_czynnoscp_id","ktd_dane_id") VALUES (90,43,13);
INSERT INTO "rejestr_kategoriedanych" ("id","ktd_czynnoscp_id","ktd_dane_id") VALUES (91,43,14);
INSERT INTO "rejestr_kategoriedanych" ("id","ktd_czynnoscp_id","ktd_dane_id") VALUES (92,43,15);
INSERT INTO "rejestr_kategoriedanych" ("id","ktd_czynnoscp_id","ktd_dane_id") VALUES (97,46,1);
INSERT INTO "rejestr_kategoriedanych" ("id","ktd_czynnoscp_id","ktd_dane_id") VALUES (98,46,6);
INSERT INTO "rejestr_kategoriedanych" ("id","ktd_czynnoscp_id","ktd_dane_id") VALUES (99,47,1);
INSERT INTO "rejestr_kategoriedanych" ("id","ktd_czynnoscp_id","ktd_dane_id") VALUES (100,47,3);
INSERT INTO "rejestr_kategoriedanych" ("id","ktd_czynnoscp_id","ktd_dane_id") VALUES (101,47,5);
INSERT INTO "rejestr_kategoriedanych" ("id","ktd_czynnoscp_id","ktd_dane_id") VALUES (102,48,1);
INSERT INTO "rejestr_kategoriedanych" ("id","ktd_czynnoscp_id","ktd_dane_id") VALUES (103,48,6);
INSERT INTO "rejestr_kategoriedanych" ("id","ktd_czynnoscp_id","ktd_dane_id") VALUES (104,50,16);
INSERT INTO "rejestr_kategoriedanych" ("id","ktd_czynnoscp_id","ktd_dane_id") VALUES (105,50,3);
INSERT INTO "rejestr_kategoriedanych" ("id","ktd_czynnoscp_id","ktd_dane_id") VALUES (106,50,15);
INSERT INTO "rejestr_kategorieodbiorcow" ("id","kob_czynnoscp_id","kob_odbiorcy_id") VALUES (1,3,1);
INSERT INTO "rejestr_kategorieodbiorcow" ("id","kob_czynnoscp_id","kob_odbiorcy_id") VALUES (2,3,2);
INSERT INTO "rejestr_kategorieodbiorcow" ("id","kob_czynnoscp_id","kob_odbiorcy_id") VALUES (3,3,3);
INSERT INTO "rejestr_kategorieodbiorcow" ("id","kob_czynnoscp_id","kob_odbiorcy_id") VALUES (6,4,4);
INSERT INTO "rejestr_kategorieodbiorcow" ("id","kob_czynnoscp_id","kob_odbiorcy_id") VALUES (8,5,1);
INSERT INTO "rejestr_kategorieodbiorcow" ("id","kob_czynnoscp_id","kob_odbiorcy_id") VALUES (9,7,1);
INSERT INTO "rejestr_kategorieodbiorcow" ("id","kob_czynnoscp_id","kob_odbiorcy_id") VALUES (14,15,1);
INSERT INTO "rejestr_kategorieodbiorcow" ("id","kob_czynnoscp_id","kob_odbiorcy_id") VALUES (20,22,1);
INSERT INTO "rejestr_kategorieodbiorcow" ("id","kob_czynnoscp_id","kob_odbiorcy_id") VALUES (23,25,1);
INSERT INTO "rejestr_kategorieodbiorcow" ("id","kob_czynnoscp_id","kob_odbiorcy_id") VALUES (25,27,1);
INSERT INTO "rejestr_kategorieodbiorcow" ("id","kob_czynnoscp_id","kob_odbiorcy_id") VALUES (27,29,1);
INSERT INTO "rejestr_kategorieodbiorcow" ("id","kob_czynnoscp_id","kob_odbiorcy_id") VALUES (40,42,1);
INSERT INTO "rejestr_kategorieodbiorcow" ("id","kob_czynnoscp_id","kob_odbiorcy_id") VALUES (41,43,1);
INSERT INTO "rejestr_kategorieodbiorcow" ("id","kob_czynnoscp_id","kob_odbiorcy_id") VALUES (44,46,1);
INSERT INTO "rejestr_kategorieodbiorcow" ("id","kob_czynnoscp_id","kob_odbiorcy_id") VALUES (45,48,1);
INSERT INTO "rejestr_kategorieodbiorcow" ("id","kob_czynnoscp_id","kob_odbiorcy_id") VALUES (46,50,1);
INSERT INTO "rejestr_kategorieosob" ("id","kos_czynnoscp_id","kos_kosoby_id") VALUES (1,3,4);
INSERT INTO "rejestr_kategorieosob" ("id","kos_czynnoscp_id","kos_kosoby_id") VALUES (3,4,4);
INSERT INTO "rejestr_kategorieosob" ("id","kos_czynnoscp_id","kos_kosoby_id") VALUES (4,5,4);
INSERT INTO "rejestr_kategorieosob" ("id","kos_czynnoscp_id","kos_kosoby_id") VALUES (5,6,5);
INSERT INTO "rejestr_kategorieosob" ("id","kos_czynnoscp_id","kos_kosoby_id") VALUES (6,2,1);
INSERT INTO "rejestr_kategorieosob" ("id","kos_czynnoscp_id","kos_kosoby_id") VALUES (7,2,9);
INSERT INTO "rejestr_kategorieosob" ("id","kos_czynnoscp_id","kos_kosoby_id") VALUES (8,7,5);
INSERT INTO "rejestr_kategorieosob" ("id","kos_czynnoscp_id","kos_kosoby_id") VALUES (9,7,6);
INSERT INTO "rejestr_kategorieosob" ("id","kos_czynnoscp_id","kos_kosoby_id") VALUES (16,15,8);
INSERT INTO "rejestr_kategorieosob" ("id","kos_czynnoscp_id","kos_kosoby_id") VALUES (17,15,5);
INSERT INTO "rejestr_kategorieosob" ("id","kos_czynnoscp_id","kos_kosoby_id") VALUES (18,15,6);
INSERT INTO "rejestr_kategorieosob" ("id","kos_czynnoscp_id","kos_kosoby_id") VALUES (32,22,4);
INSERT INTO "rejestr_kategorieosob" ("id","kos_czynnoscp_id","kos_kosoby_id") VALUES (37,25,4);
INSERT INTO "rejestr_kategorieosob" ("id","kos_czynnoscp_id","kos_kosoby_id") VALUES (41,27,4);
INSERT INTO "rejestr_kategorieosob" ("id","kos_czynnoscp_id","kos_kosoby_id") VALUES (45,29,4);
INSERT INTO "rejestr_kategorieosob" ("id","kos_czynnoscp_id","kos_kosoby_id") VALUES (72,42,4);
INSERT INTO "rejestr_kategorieosob" ("id","kos_czynnoscp_id","kos_kosoby_id") VALUES (73,43,8);
INSERT INTO "rejestr_kategorieosob" ("id","kos_czynnoscp_id","kos_kosoby_id") VALUES (78,46,5);
INSERT INTO "rejestr_kategorieosob" ("id","kos_czynnoscp_id","kos_kosoby_id") VALUES (79,46,6);
INSERT INTO "rejestr_kategorieosob" ("id","kos_czynnoscp_id","kos_kosoby_id") VALUES (80,47,5);
INSERT INTO "rejestr_kategorieosob" ("id","kos_czynnoscp_id","kos_kosoby_id") VALUES (81,48,5);
INSERT INTO "rejestr_kategorieosob" ("id","kos_czynnoscp_id","kos_kosoby_id") VALUES (82,48,6);
INSERT INTO "rejestr_kategorieosob" ("id","kos_czynnoscp_id","kos_kosoby_id") VALUES (83,49,1);
INSERT INTO "rejestr_kategorieosob" ("id","kos_czynnoscp_id","kos_kosoby_id") VALUES (84,49,9);
INSERT INTO "rejestr_kategorieosob" ("id","kos_czynnoscp_id","kos_kosoby_id") VALUES (85,50,4);
INSERT INTO "rejestr_komorka" ("id","created","kom_adres","kom_active","kom_symbol","kom_tel","kom_nazwa","kom_email","last_updated","Organizacja_id") VALUES (1,'2023-09-26 17:33:24.484204','Wiejska 72',1,'IWD','533144005','Wieloosobowe Stanowisko Ochrony Danych','alek.jakubowski@gmail.com','2023-09-26 17:33:24.484204',5);
INSERT INTO "rejestr_komorka" ("id","created","kom_adres","kom_active","kom_symbol","kom_tel","kom_nazwa","kom_email","last_updated","Organizacja_id") VALUES (2,'2023-09-26 17:35:00.439801','Biaystok, ul. Branickiego 9',1,'IKD','345345345345','Audyt Wewnetrzny','a@gmail.com','2023-09-27 17:19:41.215072',5);
INSERT INTO "rejestr_komorka" ("id","created","kom_adres","kom_active","kom_symbol","kom_tel","kom_nazwa","kom_email","last_updated","Organizacja_id") VALUES (3,'2023-10-01 12:11:51.899793','',1,'IKA','','Wydzia Kadr','','2023-10-01 12:11:51.899793',5);
INSERT INTO "rejestr_komorka" ("id","created","kom_adres","kom_active","kom_symbol","kom_tel","kom_nazwa","kom_email","last_updated","Organizacja_id") VALUES (4,'2023-10-08 09:39:11.319382','Biaystok, Mynowa 21A',1,'IWO','','Referat Bezpieczestwa i Ochrony Informacji','','2023-10-08 17:33:08.736497',5);
INSERT INTO "rejestr_komorka" ("id","created","kom_adres","kom_active","kom_symbol","kom_tel","kom_nazwa","kom_email","last_updated","Organizacja_id") VALUES (5,'2024-09-01 22:00:49.235030','',1,'IWZ','','Wydzia Zarzdzania','','2024-09-01 22:00:49.235030',5);
INSERT INTO "rejestr_okresretencji" ("id","okr_nazwa","created","last_updated","okr_opis_okresu","okr_active","okr_lat_max") VALUES (1,'bezterminowo','2023-09-28 11:35:30','2023-10-20 20:23:03.500410','do zakoczenia realizacji celu przetwarzania',1,NULL);
INSERT INTO "rejestr_okresretencji" ("id","okr_nazwa","created","last_updated","okr_opis_okresu","okr_active","okr_lat_max") VALUES (2,'B25','2023-09-28 11:36:02','2023-09-28 16:02:44.284925','max 25 lat',1,25);
INSERT INTO "rejestr_okresretencji" ("id","okr_nazwa","created","last_updated","okr_opis_okresu","okr_active","okr_lat_max") VALUES (4,'B10','2023-09-28 16:12:35.563144','2023-09-29 07:24:24.087454','2 lata w komrce 8 lat w archiwum zakadowym',1,11);
INSERT INTO "rejestr_okresretencji" ("id","okr_nazwa","created","last_updated","okr_opis_okresu","okr_active","okr_lat_max") VALUES (5,'B50','2023-09-29 13:19:00.361761','2023-09-29 13:19:00.361761','2 lata w komrce 5 lat w archiwum zakadowym reszta w arch. pastwowym',1,50);
INSERT INTO "rejestr_operacjaprzetwarzania" ("id","opp_active","opp_opis","created","last_updated") VALUES (1,1,'ZBIERANIE','2024-01-07 18:36:30.652269','2024-05-27 09:35:14.660492');
INSERT INTO "rejestr_operacjaprzetwarzania" ("id","opp_active","opp_opis","created","last_updated") VALUES (2,1,'UTRWALANIE','2024-01-07 19:56:10.965336','2024-01-07 19:56:10.965336');
INSERT INTO "rejestr_operacjaprzetwarzania" ("id","opp_active","opp_opis","created","last_updated") VALUES (3,1,'ORGANIZOWANIE','2024-01-07 19:58:13.085765','2024-01-07 19:58:13.085765');
INSERT INTO "rejestr_operacjaprzetwarzania" ("id","opp_active","opp_opis","created","last_updated") VALUES (4,1,'PORZDKOWANIE','2024-01-07 19:58:25.870274','2024-01-07 19:58:25.870274');
INSERT INTO "rejestr_operacjaprzetwarzania" ("id","opp_active","opp_opis","created","last_updated") VALUES (5,1,'PRZECHOWYWANIE','2024-01-07 19:58:37.559842','2024-01-07 19:58:37.559842');
INSERT INTO "rejestr_operacjaprzetwarzania" ("id","opp_active","opp_opis","created","last_updated") VALUES (6,1,'ADAPTOWANIE LUB MODYFIKOWANIE','2024-01-07 19:58:56.509290','2024-01-07 19:58:56.509290');
INSERT INTO "rejestr_operacjaprzetwarzania" ("id","opp_active","opp_opis","created","last_updated") VALUES (7,1,'POBIERANIE','2024-01-07 19:59:10.152083','2024-01-07 19:59:10.152083');
INSERT INTO "rejestr_operacjaprzetwarzania" ("id","opp_active","opp_opis","created","last_updated") VALUES (8,1,'PRZEGLDANIE','2024-01-07 19:59:26.397127','2024-01-07 19:59:26.397127');
INSERT INTO "rejestr_operacjaprzetwarzania" ("id","opp_active","opp_opis","created","last_updated") VALUES (9,1,'WYKORZYSTYWANIE','2024-01-07 19:59:48.272704','2024-01-07 19:59:48.272704');
INSERT INTO "rejestr_operacjaprzetwarzania" ("id","opp_active","opp_opis","created","last_updated") VALUES (10,1,'UJAWNIANIE POPRZEZ PRZESANIE','2024-01-07 20:00:03.265141','2024-01-07 20:00:03.265141');
INSERT INTO "rejestr_operacjaprzetwarzania" ("id","opp_active","opp_opis","created","last_updated") VALUES (11,1,'ROZPOWSZECHNIANIE LUB INNEGO RODZAJU UDOSTPNIANIE','2024-01-07 20:00:22.097906','2024-01-07 20:00:22.097906');
INSERT INTO "rejestr_operacjaprzetwarzania" ("id","opp_active","opp_opis","created","last_updated") VALUES (12,1,'DOPASOWYWANIE LUB CZENIE (Data Matching)','2024-01-07 20:00:54.178503','2024-01-07 20:02:31.321619');
INSERT INTO "rejestr_operacjaprzetwarzania" ("id","opp_active","opp_opis","created","last_updated") VALUES (13,1,'OGRANICZANIE','2024-01-07 20:01:08.265065','2024-01-07 20:01:08.265065');
INSERT INTO "rejestr_operacjaprzetwarzania" ("id","opp_active","opp_opis","created","last_updated") VALUES (15,1,'USUWANIE LUB NISZCZENIE','2024-01-07 20:01:51.457968','2024-01-07 20:01:51.457968');
INSERT INTO "rejestr_operacjeprzetwarzania" ("id","opp_czynnoscp_id","opp_operacjap_id") VALUES (1,2,1);
INSERT INTO "rejestr_operacjeprzetwarzania" ("id","opp_czynnoscp_id","opp_operacjap_id") VALUES (2,2,5);
INSERT INTO "rejestr_operacjeprzetwarzania" ("id","opp_czynnoscp_id","opp_operacjap_id") VALUES (3,2,6);
INSERT INTO "rejestr_operacjeprzetwarzania" ("id","opp_czynnoscp_id","opp_operacjap_id") VALUES (4,2,8);
INSERT INTO "rejestr_operacjeprzetwarzania" ("id","opp_czynnoscp_id","opp_operacjap_id") VALUES (5,2,15);
INSERT INTO "rejestr_operacjeprzetwarzania" ("id","opp_czynnoscp_id","opp_operacjap_id") VALUES (6,15,3);
INSERT INTO "rejestr_operacjeprzetwarzania" ("id","opp_czynnoscp_id","opp_operacjap_id") VALUES (7,15,4);
INSERT INTO "rejestr_operacjeprzetwarzania" ("id","opp_czynnoscp_id","opp_operacjap_id") VALUES (8,15,5);
INSERT INTO "rejestr_operacjeprzetwarzania" ("id","opp_czynnoscp_id","opp_operacjap_id") VALUES (9,15,6);
INSERT INTO "rejestr_operacjeprzetwarzania" ("id","opp_czynnoscp_id","opp_operacjap_id") VALUES (10,15,8);
INSERT INTO "rejestr_operacjeprzetwarzania" ("id","opp_czynnoscp_id","opp_operacjap_id") VALUES (11,15,9);
INSERT INTO "rejestr_operacjeprzetwarzania" ("id","opp_czynnoscp_id","opp_operacjap_id") VALUES (12,15,12);
INSERT INTO "rejestr_operacjeprzetwarzania" ("id","opp_czynnoscp_id","opp_operacjap_id") VALUES (13,15,2);
INSERT INTO "rejestr_operacjeprzetwarzania" ("id","opp_czynnoscp_id","opp_operacjap_id") VALUES (30,22,8);
INSERT INTO "rejestr_operacjeprzetwarzania" ("id","opp_czynnoscp_id","opp_operacjap_id") VALUES (31,22,1);
INSERT INTO "rejestr_operacjeprzetwarzania" ("id","opp_czynnoscp_id","opp_operacjap_id") VALUES (32,22,2);
INSERT INTO "rejestr_operacjeprzetwarzania" ("id","opp_czynnoscp_id","opp_operacjap_id") VALUES (33,22,5);
INSERT INTO "rejestr_operacjeprzetwarzania" ("id","opp_czynnoscp_id","opp_operacjap_id") VALUES (34,25,8);
INSERT INTO "rejestr_operacjeprzetwarzania" ("id","opp_czynnoscp_id","opp_operacjap_id") VALUES (35,25,1);
INSERT INTO "rejestr_operacjeprzetwarzania" ("id","opp_czynnoscp_id","opp_operacjap_id") VALUES (36,25,2);
INSERT INTO "rejestr_operacjeprzetwarzania" ("id","opp_czynnoscp_id","opp_operacjap_id") VALUES (37,25,5);
INSERT INTO "rejestr_operacjeprzetwarzania" ("id","opp_czynnoscp_id","opp_operacjap_id") VALUES (46,27,8);
INSERT INTO "rejestr_operacjeprzetwarzania" ("id","opp_czynnoscp_id","opp_operacjap_id") VALUES (47,27,1);
INSERT INTO "rejestr_operacjeprzetwarzania" ("id","opp_czynnoscp_id","opp_operacjap_id") VALUES (48,27,2);
INSERT INTO "rejestr_operacjeprzetwarzania" ("id","opp_czynnoscp_id","opp_operacjap_id") VALUES (49,27,5);
INSERT INTO "rejestr_operacjeprzetwarzania" ("id","opp_czynnoscp_id","opp_operacjap_id") VALUES (58,29,8);
INSERT INTO "rejestr_operacjeprzetwarzania" ("id","opp_czynnoscp_id","opp_operacjap_id") VALUES (59,29,1);
INSERT INTO "rejestr_operacjeprzetwarzania" ("id","opp_czynnoscp_id","opp_operacjap_id") VALUES (60,29,2);
INSERT INTO "rejestr_operacjeprzetwarzania" ("id","opp_czynnoscp_id","opp_operacjap_id") VALUES (61,29,5);
INSERT INTO "rejestr_operacjeprzetwarzania" ("id","opp_czynnoscp_id","opp_operacjap_id") VALUES (78,43,1);
INSERT INTO "rejestr_operacjeprzetwarzania" ("id","opp_czynnoscp_id","opp_operacjap_id") VALUES (79,43,2);
INSERT INTO "rejestr_operacjeprzetwarzania" ("id","opp_czynnoscp_id","opp_operacjap_id") VALUES (80,43,3);
INSERT INTO "rejestr_operacjeprzetwarzania" ("id","opp_czynnoscp_id","opp_operacjap_id") VALUES (81,43,4);
INSERT INTO "rejestr_operacjeprzetwarzania" ("id","opp_czynnoscp_id","opp_operacjap_id") VALUES (82,43,5);
INSERT INTO "rejestr_operacjeprzetwarzania" ("id","opp_czynnoscp_id","opp_operacjap_id") VALUES (83,43,8);
INSERT INTO "rejestr_operacjeprzetwarzania" ("id","opp_czynnoscp_id","opp_operacjap_id") VALUES (84,43,9);
INSERT INTO "rejestr_operacjeprzetwarzania" ("id","opp_czynnoscp_id","opp_operacjap_id") VALUES (85,49,1);
INSERT INTO "rejestr_operacjeprzetwarzania" ("id","opp_czynnoscp_id","opp_operacjap_id") VALUES (86,49,5);
INSERT INTO "rejestr_operacjeprzetwarzania" ("id","opp_czynnoscp_id","opp_operacjap_id") VALUES (87,49,6);
INSERT INTO "rejestr_operacjeprzetwarzania" ("id","opp_czynnoscp_id","opp_operacjap_id") VALUES (88,49,8);
INSERT INTO "rejestr_operacjeprzetwarzania" ("id","opp_czynnoscp_id","opp_operacjap_id") VALUES (89,49,15);
INSERT INTO "rejestr_operacjeprzetwarzania" ("id","opp_czynnoscp_id","opp_operacjap_id") VALUES (90,50,8);
INSERT INTO "rejestr_operacjeprzetwarzania" ("id","opp_czynnoscp_id","opp_operacjap_id") VALUES (91,50,1);
INSERT INTO "rejestr_operacjeprzetwarzania" ("id","opp_czynnoscp_id","opp_operacjap_id") VALUES (92,50,2);
INSERT INTO "rejestr_operacjeprzetwarzania" ("id","opp_czynnoscp_id","opp_operacjap_id") VALUES (93,50,5);
INSERT INTO "rejestr_organizacja" ("id","org_iod_name","org_nazwa","org_adres","created","org_www","last_updated","org_iod_email","org_email","org_active","org_skrot","org_tel") VALUES (3,'Barbara Grala-Dziagacz','Ministerstwo Finansw','Warszawa, ul. witokrzyska 12','2023-09-25 14:50:39.820942','http://www.mf.gov.pl','2023-10-21 13:49:41.421172','iod.mf@mf.gov.pl','mf@mf.gov.pl',1,'MF','22 1234455  55675');
INSERT INTO "rejestr_organizacja" ("id","org_iod_name","org_nazwa","org_adres","created","org_www","last_updated","org_iod_email","org_email","org_active","org_skrot","org_tel") VALUES (4,'','Aplikacje Krytyczne Sp. z o.o.','Warszawa','2023-09-25 17:26:00.117650','http://www.ak.pl','2023-09-25 17:26:00.117650','','',1,'AK','');
INSERT INTO "rejestr_organizacja" ("id","org_iod_name","org_nazwa","org_adres","created","org_www","last_updated","org_iod_email","org_email","org_active","org_skrot","org_tel") VALUES (5,'Aleksander Jakubowski','Izba Administracji Skarbowej w Biaymstoku','Biaystok, ul. Jana Klemensa Branickiego 9','2023-09-26 07:32:00.087431','http://podlaskie.kas.gov.pl','2023-09-26 08:47:50.316859','iod.bailystok@mf.gov.pl','ias.bialystok@mf.gov.pl',1,'IASBIA','');
INSERT INTO "rejestr_organizacja" ("id","org_iod_name","org_nazwa","org_adres","created","org_www","last_updated","org_iod_email","org_email","org_active","org_skrot","org_tel") VALUES (6,'Krzysztof Pirkowski','Centrum Informatyki Resortu Finansw','Radom','2023-09-26 07:33:36.406068','','2023-09-26 10:24:56.357034','','',1,'CIRF','');
INSERT INTO "rejestr_organizacja" ("id","org_iod_name","org_nazwa","org_adres","created","org_www","last_updated","org_iod_email","org_email","org_active","org_skrot","org_tel") VALUES (7,'Micha Jzefiak','Izba Administracji Skarbowej w Krakowie','Krakw','2023-09-26 08:47:34.618849','http://maopolskie.kas.gov.pl','2023-09-29 06:58:41.593084','iod.krakow@mf.gov.pl','',1,'IASKRA','');
INSERT INTO "rejestr_organizacja" ("id","org_iod_name","org_nazwa","org_adres","created","org_www","last_updated","org_iod_email","org_email","org_active","org_skrot","org_tel") VALUES (9,'Barbara Grala-Dziagacz','Krajowa Administracja Skarbowa','Warszawa, ul. witokrzyska 12','2023-09-30 17:31:33.062240','','2023-09-30 17:31:33.062240','','',1,'KAS','');
INSERT INTO "rejestr_organizacja" ("id","org_iod_name","org_nazwa","org_adres","created","org_www","last_updated","org_iod_email","org_email","org_active","org_skrot","org_tel") VALUES (10,'Tomasz Kocisz','Izba Administracji Skarbowej w Gdasku','Duga 75/76','2023-10-08 09:34:22.879158','https://www.pomorskie.kas.gov.pl/','2023-11-05 17:46:27.190670','','',1,'IAS GDA','');
INSERT INTO "rejestr_organizacja" ("id","org_iod_name","org_nazwa","org_adres","created","org_www","last_updated","org_iod_email","org_email","org_active","org_skrot","org_tel") VALUES (11,'Aleksander Jakubowski','Pierwszy Urzd Skarbowy w Biaymstoku','Biaystok, ul. witojaska 1','2023-11-05 17:46:00.385597','','2024-09-29 17:22:41.022193','iod.bialystok@mf.gov.pl','',1,'IUS Biaystok','');
INSERT INTO "rejestr_organizacja" ("id","org_iod_name","org_nazwa","org_adres","created","org_www","last_updated","org_iod_email","org_email","org_active","org_skrot","org_tel") VALUES (14,'','Centrum Informatyzacji Resortu Finansw','Radom','2024-05-26 21:36:00.648745','','2024-05-26 21:36:00.648745','','',1,'CIRF','');
INSERT INTO "rejestr_organizacja" ("id","org_iod_name","org_nazwa","org_adres","created","org_www","last_updated","org_iod_email","org_email","org_active","org_skrot","org_tel") VALUES (16,'Barbara Grala-Dziagacz','Ministerstwo Finansw Departament Bezpieczestwa','Warszawa, ul. witokrzyska 12','2024-09-29 17:21:15.779502','','2024-09-29 17:22:02.940442','iod.mf@mf.gov.pl','mf@mf.gov.pl',1,'DB MF','22 1234455  55675');
INSERT INTO "rejestr_podatnosc" ("id","pdt_skrot","pdt_opis","pdt_active","pdt_waga") VALUES (1,'PD-01','niewystarczajce utrzymanie / bdna instalacja nonikw pamici',1,1);
INSERT INTO "rejestr_podatnosc" ("id","pdt_skrot","pdt_opis","pdt_active","pdt_waga") VALUES (2,'PD-02','brak planw okresowej wymiany',1,0);
INSERT INTO "rejestr_podatnosc" ("id","pdt_skrot","pdt_opis","pdt_active","pdt_waga") VALUES (3,'PD-03','wraliwo na wilgo, py, zanieczyszczenie',1,1);
INSERT INTO "rejestr_podatnosc_Zagrozenia" ("id","podatnosc_id","zagrozenie_id") VALUES (2,3,11);
INSERT INTO "rejestr_podatnosc_Zagrozenia" ("id","podatnosc_id","zagrozenie_id") VALUES (3,3,5);
INSERT INTO "rejestr_podatnosc_Zagrozenia" ("id","podatnosc_id","zagrozenie_id") VALUES (4,3,14);
INSERT INTO "rejestr_podatnosc_Zagrozenia" ("id","podatnosc_id","zagrozenie_id") VALUES (5,3,9);
INSERT INTO "rejestr_podmiotprzetwarzajacy" ("id","prz_active","prz_skrot","prz_nazwa","prz_adres","prz_email","prz_www","prz_tel","prz_iod_name","prz_iod_email","created","last_updated") VALUES (1,1,'CIRF','Centrum Informatyzacji Resortu Finansw','RADOM','','','','','','2024-05-26 22:00:54.958825','2024-05-26 22:00:54.958825');
INSERT INTO "rejestr_podmiotprzetwarzajacy" ("id","prz_active","prz_skrot","prz_nazwa","prz_adres","prz_email","prz_www","prz_tel","prz_iod_name","prz_iod_email","created","last_updated") VALUES (2,1,'RACINO','Racino SP. z o.o.','Gdask','','','','','','2024-05-26 22:04:07.686998','2024-05-27 06:56:44.573441');
INSERT INTO "rejestr_podmiotyprzetwarzajace" ("id","pod_czynnoscp_id","pod_organizacja_id") VALUES (3,2,2);
INSERT INTO "rejestr_podmiotyprzetwarzajace" ("id","pod_czynnoscp_id","pod_organizacja_id") VALUES (4,2,1);
INSERT INTO "rejestr_podmiotyprzetwarzajace" ("id","pod_czynnoscp_id","pod_organizacja_id") VALUES (5,3,1);
INSERT INTO "rejestr_podmiotyprzetwarzajace" ("id","pod_czynnoscp_id","pod_organizacja_id") VALUES (6,3,2);
INSERT INTO "rejestr_podmiotyprzetwarzajace" ("id","pod_czynnoscp_id","pod_organizacja_id") VALUES (11,15,1);
INSERT INTO "rejestr_podmiotyprzetwarzajace" ("id","pod_czynnoscp_id","pod_organizacja_id") VALUES (16,22,1);
INSERT INTO "rejestr_podmiotyprzetwarzajace" ("id","pod_czynnoscp_id","pod_organizacja_id") VALUES (17,7,1);
INSERT INTO "rejestr_podmiotyprzetwarzajace" ("id","pod_czynnoscp_id","pod_organizacja_id") VALUES (20,25,1);
INSERT INTO "rejestr_podmiotyprzetwarzajace" ("id","pod_czynnoscp_id","pod_organizacja_id") VALUES (22,27,1);
INSERT INTO "rejestr_podmiotyprzetwarzajace" ("id","pod_czynnoscp_id","pod_organizacja_id") VALUES (24,29,1);
INSERT INTO "rejestr_podmiotyprzetwarzajace" ("id","pod_czynnoscp_id","pod_organizacja_id") VALUES (37,43,1);
INSERT INTO "rejestr_podmiotyprzetwarzajace" ("id","pod_czynnoscp_id","pod_organizacja_id") VALUES (40,46,1);
INSERT INTO "rejestr_podmiotyprzetwarzajace" ("id","pod_czynnoscp_id","pod_organizacja_id") VALUES (41,48,1);
INSERT INTO "rejestr_podmiotyprzetwarzajace" ("id","pod_czynnoscp_id","pod_organizacja_id") VALUES (42,49,2);
INSERT INTO "rejestr_podmiotyprzetwarzajace" ("id","pod_czynnoscp_id","pod_organizacja_id") VALUES (43,49,1);
INSERT INTO "rejestr_podmiotyprzetwarzajace" ("id","pod_czynnoscp_id","pod_organizacja_id") VALUES (44,50,1);
INSERT INTO "rejestr_przeslankalegalnosci" ("id","prl_active","prl_skrot","prl_art_rodo","created","last_updated","prl_przepis_rodo") VALUES (1,1,'REALIZACJA PRZEPISU PRAWA','art. 6 ust 1 pkt c','2023-09-29 09:30:53.283578','2023-09-29 09:30:53.283578','Przetwarzanie jest zgodne z prawem gdy przetwarzanie jest niezbdne do wypenienia obowizku prawnego cicego na administratorze;');
INSERT INTO "rejestr_przeslankalegalnosci" ("id","prl_active","prl_skrot","prl_art_rodo","created","last_updated","prl_przepis_rodo") VALUES (2,1,'ZGODA NA PRZETWARZANIE','Art. 6 ust 1 pkt a','2023-09-29 09:38:03.403483','2023-09-29 09:38:41.153163','Przetwarzanie jest zgodne z prawem gdy osoba, ktrej dane dotycz wyrazia zgod na przetwarzanie swoich danych osobowych w jednym lub wikszej liczbie okrelonych celw');
INSERT INTO "rejestr_przeslankalegalnosci" ("id","prl_active","prl_skrot","prl_art_rodo","created","last_updated","prl_przepis_rodo") VALUES (3,1,'UMOWA NA PRZETWARZANIE','Art. 6 ust 1 pkt b','2023-09-29 09:56:12.816056','2023-09-29 09:56:12.816056','Przetwarzanie jest niezbdne do wykonania umowy, ktrej stron jest osoba, ktrej dane dotycz, lub do podjcia dziaa na danie osoby, ktrej dane dotycz, przed zawarciem umowy;');
INSERT INTO "rejestr_przeslankalegalnosci" ("id","prl_active","prl_skrot","prl_art_rodo","created","last_updated","prl_przepis_rodo") VALUES (4,1,'YWOTNY INTERES OSOBY','Art. 6 ust 1 pkt d','2023-09-29 10:23:07.367132','2023-09-29 10:23:07.367132','Przetwarzanie jest zgodne z prawem gdy jest niezbdne do ochrony ywotnych interesw osoby, ktrej dane dotycz, lub innej osoby fizycznej');
INSERT INTO "rejestr_przeslankalegalnosci" ("id","prl_active","prl_skrot","prl_art_rodo","created","last_updated","prl_przepis_rodo") VALUES (5,1,'WADZA PUBLICZNA LUB INTERES PUBLICZNY','Art. 6 ust 1 pkt e','2023-09-29 10:26:19.190312','2023-09-29 10:26:19.190312','Przetwarzanie jest zgodne z prawem gdy jest niezbdne do wykonania zadania realizowanego w interesie publicznym lub w ramach sprawowania wadzy publicznej powierzonej administratorowi');
INSERT INTO "rejestr_przeslankalegalnosci" ("id","prl_active","prl_skrot","prl_art_rodo","created","last_updated","prl_przepis_rodo") VALUES (6,1,'INTERES WASNY','Art. 6 ust 1 pkt f','2023-09-29 12:42:20.241006','2023-11-04 21:39:51.022799','Przetwarzanie jest zgodne z prawem gdy jest niezbdne do celw wynikajcych z prawnie uzasadnionych interesw realizowanych przez administratora lub przez stron trzeci, z wyjtkiem sytuacji, w ktrych nadrzdny charakter wobec tych interesw maj interesy lub podstawowe prawa i wolnoci osoby, ktrej dane dotycz, wymagajce ochrony danych osobowych, w szczeglnoci gdy osoba, ktrej dane dotycz, jest dzieckiem.');
INSERT INTO "rejestr_przeslankilegalnosci" ("id","ppl_czynnoscp_id","ppl_przeslankap_id") VALUES (1,3,1);
INSERT INTO "rejestr_przeslankilegalnosci" ("id","ppl_czynnoscp_id","ppl_przeslankap_id") VALUES (5,4,1);
INSERT INTO "rejestr_przeslankilegalnosci" ("id","ppl_czynnoscp_id","ppl_przeslankap_id") VALUES (6,5,1);
INSERT INTO "rejestr_przeslankilegalnosci" ("id","ppl_czynnoscp_id","ppl_przeslankap_id") VALUES (9,6,1);
INSERT INTO "rejestr_przeslankilegalnosci" ("id","ppl_czynnoscp_id","ppl_przeslankap_id") VALUES (10,2,1);
INSERT INTO "rejestr_przeslankilegalnosci" ("id","ppl_czynnoscp_id","ppl_przeslankap_id") VALUES (11,7,1);
INSERT INTO "rejestr_przeslankilegalnosci" ("id","ppl_czynnoscp_id","ppl_przeslankap_id") VALUES (17,15,1);
INSERT INTO "rejestr_przeslankilegalnosci" ("id","ppl_czynnoscp_id","ppl_przeslankap_id") VALUES (18,15,5);
INSERT INTO "rejestr_przeslankilegalnosci" ("id","ppl_czynnoscp_id","ppl_przeslankap_id") VALUES (27,22,3);
INSERT INTO "rejestr_przeslankilegalnosci" ("id","ppl_czynnoscp_id","ppl_przeslankap_id") VALUES (30,25,3);
INSERT INTO "rejestr_przeslankilegalnosci" ("id","ppl_czynnoscp_id","ppl_przeslankap_id") VALUES (33,27,3);
INSERT INTO "rejestr_przeslankilegalnosci" ("id","ppl_czynnoscp_id","ppl_przeslankap_id") VALUES (36,29,3);
INSERT INTO "rejestr_przeslankilegalnosci" ("id","ppl_czynnoscp_id","ppl_przeslankap_id") VALUES (39,7,5);
INSERT INTO "rejestr_przeslankilegalnosci" ("id","ppl_czynnoscp_id","ppl_przeslankap_id") VALUES (52,42,1);
INSERT INTO "rejestr_przeslankilegalnosci" ("id","ppl_czynnoscp_id","ppl_przeslankap_id") VALUES (53,43,1);
INSERT INTO "rejestr_przeslankilegalnosci" ("id","ppl_czynnoscp_id","ppl_przeslankap_id") VALUES (54,43,5);
INSERT INTO "rejestr_przeslankilegalnosci" ("id","ppl_czynnoscp_id","ppl_przeslankap_id") VALUES (59,46,1);
INSERT INTO "rejestr_przeslankilegalnosci" ("id","ppl_czynnoscp_id","ppl_przeslankap_id") VALUES (60,46,5);
INSERT INTO "rejestr_przeslankilegalnosci" ("id","ppl_czynnoscp_id","ppl_przeslankap_id") VALUES (61,47,1);
INSERT INTO "rejestr_przeslankilegalnosci" ("id","ppl_czynnoscp_id","ppl_przeslankap_id") VALUES (62,48,1);
INSERT INTO "rejestr_przeslankilegalnosci" ("id","ppl_czynnoscp_id","ppl_przeslankap_id") VALUES (63,48,5);
INSERT INTO "rejestr_przeslankilegalnosci" ("id","ppl_czynnoscp_id","ppl_przeslankap_id") VALUES (64,49,1);
INSERT INTO "rejestr_przeslankilegalnosci" ("id","ppl_czynnoscp_id","ppl_przeslankap_id") VALUES (65,50,3);
INSERT INTO "rejestr_rejestr" ("id","rej_opis","rej_active","last_updated","created","rej_zakres","rej_nazwa","Organizacja_id") VALUES (1,'dane natywnie przetwarzane przez IAS Biaystok',1,'2024-05-28 20:30:58.340332','2023-09-26 13:15:35.587605','RODO','Rejestr Czynnoci Przetwarzania IAS Biaystok RODO',5);
INSERT INTO "rejestr_rejestr" ("id","rej_opis","rej_active","last_updated","created","rej_zakres","rej_nazwa","Organizacja_id") VALUES (2,'dane powierzone IAS Biaystok',1,'2024-05-28 20:31:13.791645','2023-09-26 13:21:35.345159','RODO','Rejestr Kategorii Czynnoci Przetwarzania IAS Biaystok RODO',5);
INSERT INTO "rejestr_rejestr" ("id","rej_opis","rej_active","last_updated","created","rej_zakres","rej_nazwa","Organizacja_id") VALUES (3,'Rejestr Czynnoci Przetwarzania IAS Biaystok',1,'2024-05-28 20:31:25.690539','2023-09-26 13:22:49.282074','DODO - Policyjna','Rejestr Czynnoci Przetwarzania IAS Biaystok DODO',5);
INSERT INTO "rejestr_rejestr" ("id","rej_opis","rej_active","last_updated","created","rej_zakres","rej_nazwa","Organizacja_id") VALUES (4,'Rejestr Kategorii Czynnoci Przetwarzania IAS Biaystok',1,'2024-05-28 20:31:36.798092','2023-09-26 13:56:04.389071','DODO - Policyjna','Rejestr Kategorii Czynnoci Przetwarzania IAS Biaystok DODO',5);
INSERT INTO "rejestr_sposobprzetwarzania" ("id","created","last_updated","sp_active","sp_skrot","sp_opis") VALUES (1,'2023-09-30 19:43:55.252828','2023-11-05 17:33:10.533567',1,'Przyjmowanie zgosze przez ePUAP','Przyjmowanie zgosze za porednictwem systemu ePUAP');
INSERT INTO "rejestr_sposobprzetwarzania" ("id","created","last_updated","sp_active","sp_skrot","sp_opis") VALUES (2,'2023-09-30 19:46:29.398377','2023-11-05 17:33:21.007715',1,'Przetwarzanie danych za pomoc e-maila','Przyjmowanie zapyta, danych oraz odpowiadanie na zapytania za pomoc e-mail');
INSERT INTO "rejestr_sposobprzetwarzania" ("id","created","last_updated","sp_active","sp_skrot","sp_opis") VALUES (4,'2023-10-01 08:33:44.087729','2023-10-01 08:33:44.087729',1,'Korespondencja za pomoc poczty elektronicznej','Odbieranie i wysylanie wiadomoci e-mail');
INSERT INTO "rejestr_sposobprzetwarzania" ("id","created","last_updated","sp_active","sp_skrot","sp_opis") VALUES (5,'2023-10-01 10:22:09.895406','2023-10-01 10:22:09.895406',1,'Ankieta elektroniczna','Ankietowanie za pomoc systemu informatycznego');
INSERT INTO "rejestr_sposobprzetwarzania" ("id","created","last_updated","sp_active","sp_skrot","sp_opis") VALUES (6,'2023-10-08 09:49:50.881139','2023-10-08 09:49:50.881139',1,'Wycznie korespondencja papierowa','Wycznie w postaci papierowej drog pocztow');
INSERT INTO "rejestr_sposobprzetwarzania" ("id","created","last_updated","sp_active","sp_skrot","sp_opis") VALUES (7,'2023-11-05 17:34:03.835025','2023-11-05 17:34:03.835025',1,'Wysyanie pism przez ePUAP','');
INSERT INTO "rejestr_sposobprzetwarzania" ("id","created","last_updated","sp_active","sp_skrot","sp_opis") VALUES (8,'2024-09-01 16:49:17.882386','2024-09-01 16:49:17.882386',1,'Sytem centralny','System informacyjny administrowany centralnie');
INSERT INTO "rejestr_sposobprzetwarzania" ("id","created","last_updated","sp_active","sp_skrot","sp_opis") VALUES (9,'2024-09-01 16:50:22.391516','2024-09-01 16:50:22.391516',1,'System scentralizowany','System oglnopolski administrowanyprzez wyznaczon izb');
INSERT INTO "rejestr_sposobprzetwarzania" ("id","created","last_updated","sp_active","sp_skrot","sp_opis") VALUES (10,'2024-09-29 12:00:36.355513','2024-09-29 12:02:18.986805',1,'System kancelaryjny centralny','System kancelaryjny, oglnopolski');
INSERT INTO "rejestr_sposobyprzetwarzania" ("id","spp_czynnoscp_id","spp_sposobp_id") VALUES (3,3,2);
INSERT INTO "rejestr_sposobyprzetwarzania" ("id","spp_czynnoscp_id","spp_sposobp_id") VALUES (6,4,6);
INSERT INTO "rejestr_sposobyprzetwarzania" ("id","spp_czynnoscp_id","spp_sposobp_id") VALUES (7,5,6);
INSERT INTO "rejestr_sposobyprzetwarzania" ("id","spp_czynnoscp_id","spp_sposobp_id") VALUES (8,6,6);
INSERT INTO "rejestr_sposobyprzetwarzania" ("id","spp_czynnoscp_id","spp_sposobp_id") VALUES (13,2,1);
INSERT INTO "rejestr_sposobyprzetwarzania" ("id","spp_czynnoscp_id","spp_sposobp_id") VALUES (14,2,5);
INSERT INTO "rejestr_sposobyprzetwarzania" ("id","spp_czynnoscp_id","spp_sposobp_id") VALUES (15,2,6);
INSERT INTO "rejestr_sposobyprzetwarzania" ("id","spp_czynnoscp_id","spp_sposobp_id") VALUES (16,2,7);
INSERT INTO "rejestr_sposobyprzetwarzania" ("id","spp_czynnoscp_id","spp_sposobp_id") VALUES (17,15,1);
INSERT INTO "rejestr_sposobyprzetwarzania" ("id","spp_czynnoscp_id","spp_sposobp_id") VALUES (18,15,2);
INSERT INTO "rejestr_sposobyprzetwarzania" ("id","spp_czynnoscp_id","spp_sposobp_id") VALUES (19,15,7);
INSERT INTO "rejestr_sposobyprzetwarzania" ("id","spp_czynnoscp_id","spp_sposobp_id") VALUES (27,22,1);
INSERT INTO "rejestr_sposobyprzetwarzania" ("id","spp_czynnoscp_id","spp_sposobp_id") VALUES (28,22,7);
INSERT INTO "rejestr_sposobyprzetwarzania" ("id","spp_czynnoscp_id","spp_sposobp_id") VALUES (29,25,1);
INSERT INTO "rejestr_sposobyprzetwarzania" ("id","spp_czynnoscp_id","spp_sposobp_id") VALUES (30,25,7);
INSERT INTO "rejestr_sposobyprzetwarzania" ("id","spp_czynnoscp_id","spp_sposobp_id") VALUES (34,27,1);
INSERT INTO "rejestr_sposobyprzetwarzania" ("id","spp_czynnoscp_id","spp_sposobp_id") VALUES (35,27,7);
INSERT INTO "rejestr_sposobyprzetwarzania" ("id","spp_czynnoscp_id","spp_sposobp_id") VALUES (39,29,1);
INSERT INTO "rejestr_sposobyprzetwarzania" ("id","spp_czynnoscp_id","spp_sposobp_id") VALUES (40,29,7);
INSERT INTO "rejestr_sposobyprzetwarzania" ("id","spp_czynnoscp_id","spp_sposobp_id") VALUES (47,42,6);
INSERT INTO "rejestr_sposobyprzetwarzania" ("id","spp_czynnoscp_id","spp_sposobp_id") VALUES (48,43,8);
INSERT INTO "rejestr_sposobyprzetwarzania" ("id","spp_czynnoscp_id","spp_sposobp_id") VALUES (49,43,6);
INSERT INTO "rejestr_sposobyprzetwarzania" ("id","spp_czynnoscp_id","spp_sposobp_id") VALUES (50,43,7);
INSERT INTO "rejestr_sposobyprzetwarzania" ("id","spp_czynnoscp_id","spp_sposobp_id") VALUES (51,47,6);
INSERT INTO "rejestr_sposobyprzetwarzania" ("id","spp_czynnoscp_id","spp_sposobp_id") VALUES (52,49,1);
INSERT INTO "rejestr_sposobyprzetwarzania" ("id","spp_czynnoscp_id","spp_sposobp_id") VALUES (53,49,5);
INSERT INTO "rejestr_sposobyprzetwarzania" ("id","spp_czynnoscp_id","spp_sposobp_id") VALUES (54,49,6);
INSERT INTO "rejestr_sposobyprzetwarzania" ("id","spp_czynnoscp_id","spp_sposobp_id") VALUES (55,49,7);
INSERT INTO "rejestr_sposobyprzetwarzania" ("id","spp_czynnoscp_id","spp_sposobp_id") VALUES (56,50,1);
INSERT INTO "rejestr_sposobyprzetwarzania" ("id","spp_czynnoscp_id","spp_sposobp_id") VALUES (57,50,7);
INSERT INTO "rejestr_wspoladministratorzy" ("id","wad_czynnoscp_id","wad_organizacja_id") VALUES (1,3,3);
INSERT INTO "rejestr_wspoladministratorzy" ("id","wad_czynnoscp_id","wad_organizacja_id") VALUES (3,3,5);
INSERT INTO "rejestr_wspoladministratorzy" ("id","wad_czynnoscp_id","wad_organizacja_id") VALUES (4,4,9);
INSERT INTO "rejestr_wspoladministratorzy" ("id","wad_czynnoscp_id","wad_organizacja_id") VALUES (5,4,3);
INSERT INTO "rejestr_wspoladministratorzy" ("id","wad_czynnoscp_id","wad_organizacja_id") VALUES (6,5,3);
INSERT INTO "rejestr_wspoladministratorzy" ("id","wad_czynnoscp_id","wad_organizacja_id") VALUES (10,6,3);
INSERT INTO "rejestr_wspoladministratorzy" ("id","wad_czynnoscp_id","wad_organizacja_id") VALUES (11,7,6);
INSERT INTO "rejestr_wspoladministratorzy" ("id","wad_czynnoscp_id","wad_organizacja_id") VALUES (18,15,5);
INSERT INTO "rejestr_wspoladministratorzy" ("id","wad_czynnoscp_id","wad_organizacja_id") VALUES (24,22,5);
INSERT INTO "rejestr_wspoladministratorzy" ("id","wad_czynnoscp_id","wad_organizacja_id") VALUES (27,25,5);
INSERT INTO "rejestr_wspoladministratorzy" ("id","wad_czynnoscp_id","wad_organizacja_id") VALUES (29,27,5);
INSERT INTO "rejestr_wspoladministratorzy" ("id","wad_czynnoscp_id","wad_organizacja_id") VALUES (31,29,5);
INSERT INTO "rejestr_wspoladministratorzy" ("id","wad_czynnoscp_id","wad_organizacja_id") VALUES (44,42,3);
INSERT INTO "rejestr_wspoladministratorzy" ("id","wad_czynnoscp_id","wad_organizacja_id") VALUES (45,43,9);
INSERT INTO "rejestr_wspoladministratorzy" ("id","wad_czynnoscp_id","wad_organizacja_id") VALUES (48,46,6);
INSERT INTO "rejestr_wspoladministratorzy" ("id","wad_czynnoscp_id","wad_organizacja_id") VALUES (49,47,3);
INSERT INTO "rejestr_wspoladministratorzy" ("id","wad_czynnoscp_id","wad_organizacja_id") VALUES (50,48,6);
INSERT INTO "rejestr_wspoladministratorzy" ("id","wad_czynnoscp_id","wad_organizacja_id") VALUES (51,50,5);
INSERT INTO "rejestr_wysokieryzyka" ("id","wrr_czynnoscp_id","wrr_wryzyka_id") VALUES (1,3,1);
INSERT INTO "rejestr_wysokieryzyka" ("id","wrr_czynnoscp_id","wrr_wryzyka_id") VALUES (2,3,2);
INSERT INTO "rejestr_wysokieryzyka" ("id","wrr_czynnoscp_id","wrr_wryzyka_id") VALUES (3,3,4);
INSERT INTO "rejestr_wysokieryzyka" ("id","wrr_czynnoscp_id","wrr_wryzyka_id") VALUES (5,4,12);
INSERT INTO "rejestr_wysokieryzyka" ("id","wrr_czynnoscp_id","wrr_wryzyka_id") VALUES (6,5,4);
INSERT INTO "rejestr_wysokieryzyka" ("id","wrr_czynnoscp_id","wrr_wryzyka_id") VALUES (7,6,4);
INSERT INTO "rejestr_wysokieryzyka" ("id","wrr_czynnoscp_id","wrr_wryzyka_id") VALUES (8,7,4);
INSERT INTO "rejestr_wysokieryzyka" ("id","wrr_czynnoscp_id","wrr_wryzyka_id") VALUES (13,15,1);
INSERT INTO "rejestr_wysokieryzyka" ("id","wrr_czynnoscp_id","wrr_wryzyka_id") VALUES (14,15,7);
INSERT INTO "rejestr_wysokieryzyka" ("id","wrr_czynnoscp_id","wrr_wryzyka_id") VALUES (15,15,8);
INSERT INTO "rejestr_wysokieryzyka" ("id","wrr_czynnoscp_id","wrr_wryzyka_id") VALUES (16,15,10);
INSERT INTO "rejestr_wysokieryzyka" ("id","wrr_czynnoscp_id","wrr_wryzyka_id") VALUES (17,15,12);
INSERT INTO "rejestr_wysokieryzyka" ("id","wrr_czynnoscp_id","wrr_wryzyka_id") VALUES (31,22,4);
INSERT INTO "rejestr_wysokieryzyka" ("id","wrr_czynnoscp_id","wrr_wryzyka_id") VALUES (34,25,4);
INSERT INTO "rejestr_wysokieryzyka" ("id","wrr_czynnoscp_id","wrr_wryzyka_id") VALUES (40,27,4);
INSERT INTO "rejestr_wysokieryzyka" ("id","wrr_czynnoscp_id","wrr_wryzyka_id") VALUES (46,29,4);
INSERT INTO "rejestr_wysokieryzyka" ("id","wrr_czynnoscp_id","wrr_wryzyka_id") VALUES (67,42,4);
INSERT INTO "rejestr_wysokieryzyka" ("id","wrr_czynnoscp_id","wrr_wryzyka_id") VALUES (70,46,4);
INSERT INTO "rejestr_wysokieryzyka" ("id","wrr_czynnoscp_id","wrr_wryzyka_id") VALUES (71,47,4);
INSERT INTO "rejestr_wysokieryzyka" ("id","wrr_czynnoscp_id","wrr_wryzyka_id") VALUES (72,48,4);
INSERT INTO "rejestr_wysokieryzyka" ("id","wrr_czynnoscp_id","wrr_wryzyka_id") VALUES (73,50,4);
INSERT INTO "rejestr_wysokieryzyko" ("id","wr_active","wr_skrot","wr_opis","created","last_updated") VALUES (1,1,'Ewaluacja lub ocena, w tym profilowanie i przewidywanie','Ewaluacja lub ocena, w tym profilowanie i przewidywanie (analiza behawioralna) w celach wywoujcych negatywne skutki prawne, fizyczne, finansowe lub inne niedogodnoci dla osb fizycznych','2023-09-30 21:45:30.249730','2023-10-01 07:27:37.056003');
INSERT INTO "rejestr_wysokieryzyko" ("id","wr_active","wr_skrot","wr_opis","created","last_updated") VALUES (2,1,'Zautomatyzowane podejmowanie decyzji','Zautomatyzowane podejmowanie decyzji wywoujcych skutki prawne, finansowe lub podobne istotne skutki','2023-10-01 07:28:36.709245','2023-10-01 07:28:36.709245');
INSERT INTO "rejestr_wysokieryzyko" ("id","wr_active","wr_skrot","wr_opis","created","last_updated") VALUES (3,1,'Systematyczne monitorowanie na du skal miejsc dostpnych publicznie','Systematyczne monitorowanie na du skal miejsc dostpnych publicznie wykorzystujce elementy rozpoznawania cech lub waciwoci obiektw, ktre znajd si w monitorowanej przestrzeni. Do tej grupy systemw nie s zaliczane systemy monitoringu wizyjnego, w ktrych obraz jest nagrywany i wykorzystywany tylko w przypadku potrzeby analizy incydentw naruszenia prawa.','2023-10-01 07:34:41.066678','2023-10-01 07:34:41.067261');
INSERT INTO "rejestr_wysokieryzyko" ("id","wr_active","wr_skrot","wr_opis","created","last_updated") VALUES (4,1,'Przetwarzanie szczeglnych kategorii danych osobowych','Przetwarzanie szczeglnych kategorii danych osobowych i dotyczcych wyrokw skazujcych i czynw zabronionych (danych wraliwych wg opinii WP 29)','2023-10-01 07:36:03.952687','2023-10-01 07:36:03.952687');
INSERT INTO "rejestr_wysokieryzyko" ("id","wr_active","wr_skrot","wr_opis","created","last_updated") VALUES (5,1,'Przetwarzanie danych biometrycznych','Przetwarzanie danych biometrycznych wycznie w celu identyfikacji osoby fizycznej bd w celu kontroli dostpu','2023-10-01 07:38:05.521150','2023-10-01 07:38:05.521150');
INSERT INTO "rejestr_wysokieryzyko" ("id","wr_active","wr_skrot","wr_opis","created","last_updated") VALUES (6,1,'Przetwarzanie danych genetycznych','Przetwarzanie danych genetycznych','2023-10-01 07:38:39.866266','2023-10-01 07:38:39.866266');
INSERT INTO "rejestr_wysokieryzyko" ("id","wr_active","wr_skrot","wr_opis","created","last_updated") VALUES (7,1,'Dane przetwarzane na du skal','Dane przetwarzane na du skal, gdzie pojcie duej skali dotyczy:
1) liczby osb, ktrych dane s przetwarzane,
2) zakresu przetwarzania,
3) okresu przechowywania danych oraz
4) geograficznego zakresu przetwarzania','2023-10-01 07:40:04.060517','2023-10-01 07:40:34.221897');
INSERT INTO "rejestr_wysokieryzyko" ("id","wr_active","wr_skrot","wr_opis","created","last_updated") VALUES (8,1,'Przeprowadzanie porwna, ocena lub wnioskowanie','Przeprowadzanie porwna, ocena lub wnioskowanie na podstawie analizy danych pozyskanych z rnych rde','2023-10-01 07:41:53.954731','2023-10-01 07:41:53.955730');
INSERT INTO "rejestr_wysokieryzyko" ("id","wr_active","wr_skrot","wr_opis","created","last_updated") VALUES (9,1,'Przetwarzanie danych przez podmioty, ktre dysponuj uprawnieniami nadzorczymi i/lub ocennymi','Przetwarzanie danych dotyczcych osb, ktrych ocena i wiadczone im usugi s uzalenione od podmiotw lub osb, ktre dysponuj uprawnieniami nadzorczymi i/lub ocennymi','2023-10-01 07:44:08.047200','2023-10-01 07:44:08.047200');
INSERT INTO "rejestr_wysokieryzyko" ("id","wr_active","wr_skrot","wr_opis","created","last_updated") VALUES (10,1,'Innowacyjne wykorzystanie rozwiza technologicznych lub organizacyjnych','Innowacyjne wykorzystanie lub zastosowanie rozwiza technologicznych lub organizacyjnych','2023-10-01 07:49:16.247975','2023-10-04 11:07:54.964675');
INSERT INTO "rejestr_wysokieryzyko" ("id","wr_active","wr_skrot","wr_opis","created","last_updated") VALUES (11,1,'Przetwarzanie uniemoliwia wykonywanie prawa lub korzystanie z usugi lub umowy','Gdy przetwarzanie samo w sobie uniemoliwia osobom, ktrych dane dotycz, wykonywanie prawa lub korzystanie z usugi lub umowy','2023-10-01 07:51:37.192480','2023-10-01 07:51:44.634344');
INSERT INTO "rejestr_wysokieryzyko" ("id","wr_active","wr_skrot","wr_opis","created","last_updated") VALUES (12,1,'Przetwarzanie danych lokalizacyjnych','Przetwarzanie wykorzystujce ledzenie lokalizacji osoby fizycznej (wliczajc sieci komunikacyjne i usugi komunikacyjne, wskazujce geograficzn pozycj telekomunikacyjnych terminali urzdze uytkownika publicznie dostpnej usugi telekomunikacyjnej)','2023-10-01 07:52:13.527220','2023-10-01 08:10:28.959717');
INSERT INTO "rejestr_zabezpieczenie" ("id","zab_skrot","zab_opis","created","last_updated","zab_waga","zab_active","komorka") VALUES (1,'Z-1','Alarm przeciwpoarowy','2023-10-21 19:54:57.675028','2023-10-24 19:47:55.224171',NULL,1,NULL);
INSERT INTO "rejestr_zabezpieczenie" ("id","zab_skrot","zab_opis","created","last_updated","zab_waga","zab_active","komorka") VALUES (2,'Z-2','Alarm przeciwwamaniowy','2023-10-21 20:24:03.964152','2023-11-02 18:47:23.565772',NULL,1,NULL);
INSERT INTO "rejestr_zabezpieczenie" ("id","zab_skrot","zab_opis","created","last_updated","zab_waga","zab_active","komorka") VALUES (3,'Z-3','System Monitoringu wizyjnego(CCTV)','2023-10-21 21:40:38.916298','2023-11-02 20:04:27.899363',NULL,1,NULL);
INSERT INTO "rejestr_zabezpieczenie" ("id","zab_skrot","zab_opis","created","last_updated","zab_waga","zab_active","komorka") VALUES (4,'ZT-1','Instalacja oddymiajca','2023-10-22 12:18:20','2023-11-02 20:15:50.198363',NULL,1,NULL);
INSERT INTO "rejestr_zabezpieczenie" ("id","zab_skrot","zab_opis","created","last_updated","zab_waga","zab_active","komorka") VALUES (5,'ZT-2','Regularne przegldy wymaganego sprztu ppo oraz homologacyjne','2023-10-22 12:18:20','2024-05-23 18:37:05.849423',NULL,1,NULL);
INSERT INTO "rejestr_zabezpieczenie" ("id","zab_skrot","zab_opis","created","last_updated","zab_waga","zab_active","komorka") VALUES (6,'ZT-3','System ppo - czujki dymu w pomieszczeniach biurowych, transmisja sygnau z systemu ppo  do PSP','2023-10-22 12:18:20','2023-10-22 12:40:39.686750',NULL,1,NULL);
INSERT INTO "rejestr_zabezpieczenie" ("id","zab_skrot","zab_opis","created","last_updated","zab_waga","zab_active","komorka") VALUES (7,'ZT-4','System monitoringu temperatury.','2023-10-22 12:18:20','2024-05-23 15:23:53.485044',NULL,1,NULL);
INSERT INTO "rejestr_zabezpieczenie" ("id","zab_skrot","zab_opis","created","last_updated","zab_waga","zab_active","komorka") VALUES (8,'ZT-5','Noniki danych przechowywane w bezpiecznych szafach/sejfach ognioodpornych','2023-10-22 12:18:20','2024-05-23 15:24:19.241699',NULL,1,NULL);
INSERT INTO "rejestr_zabezpieczenie" ("id","zab_skrot","zab_opis","created","last_updated","zab_waga","zab_active","komorka") VALUES (9,'ZT-6','Systemy automatycznego gaszenia serwerowni gazem technicznym','2023-10-22 12:18:20','2023-10-22 12:41:57.451735',NULL,1,NULL);
INSERT INTO "rejestr_zabezpieczenie" ("id","zab_skrot","zab_opis","created","last_updated","zab_waga","zab_active","komorka") VALUES (10,'ZT-7','Szkolenia wstpne i okresowe z zasad ochrony poarowej','2023-10-22 12:18:20','2023-10-22 12:42:32.959681',NULL,1,NULL);
INSERT INTO "rejestr_zabezpieczenie" ("id","zab_skrot","zab_opis","created","last_updated","zab_waga","zab_active","komorka") VALUES (11,'ZT-8','Powoana osoba odpowiedzialna za ochron ppo','2023-10-22 12:18:20','2023-10-22 12:42:49.808935',NULL,1,NULL);
INSERT INTO "rejestr_zabezpieczenie" ("id","zab_skrot","zab_opis","created","last_updated","zab_waga","zab_active","komorka") VALUES (12,'ZT-9','Amortyzatory przeciwwstrzsowe','2023-10-22 12:18:20','2023-10-22 12:43:28.241481',NULL,1,NULL);
INSERT INTO "rejestr_zabezpieczenie" ("id","zab_skrot","zab_opis","created","last_updated","zab_waga","zab_active","komorka") VALUES (13,'ZT-10','Awaryjne odpompowanie wody','2023-10-22 12:18:20','2023-11-05 09:37:06.240265',NULL,1,NULL);
INSERT INTO "rejestr_zabezpieczenie" ("id","zab_skrot","zab_opis","created","last_updated","zab_waga","zab_active","komorka") VALUES (14,'ZT-11','Biece naprawy awarii w lokalizacji (Wydzia Logistyki)','2023-10-22 12:18:20','2023-10-22 12:45:08.012965',NULL,1,NULL);
INSERT INTO "rejestr_zabezpieczenie" ("id","zab_skrot","zab_opis","created","last_updated","zab_waga","zab_active","komorka") VALUES (15,'ZT-12','Czujniki zalania','2023-10-22 12:18:20','2023-10-22 12:46:03.687605',NULL,1,NULL);
INSERT INTO "rejestr_zabezpieczenie" ("id","zab_skrot","zab_opis","created","last_updated","zab_waga","zab_active","komorka") VALUES (16,'ZT-13','Instalacja odgromowa budynku','2023-10-22 12:18:20','2023-11-05 20:22:38.032434',NULL,1,NULL);
INSERT INTO "rejestr_zabezpieczenie" ("id","zab_skrot","zab_opis","created","last_updated","zab_waga","zab_active","komorka") VALUES (17,'ZT-14','Instalacja odprowadzenia wody deszczowej','2023-10-22 12:18:20','2023-10-22 12:18:20',NULL,1,NULL);
INSERT INTO "rejestr_zabezpieczenie" ("id","zab_skrot","zab_opis","created","last_updated","zab_waga","zab_active","komorka") VALUES (18,'ZT-15','Nadzr kierownikw komrek, osb funkcyjnych oraz pracownikw nad powierzonymi pomieszczeniami','2023-10-22 12:18:20','2023-10-22 12:46:46.287227',NULL,1,NULL);
INSERT INTO "rejestr_zabezpieczenie" ("id","zab_skrot","zab_opis","created","last_updated","zab_waga","zab_active","komorka") VALUES (19,'ZT-16','Nadzr Naczelnika Urzdu nad powierzonym budynkiem','2023-10-22 12:18:20','2023-10-22 12:58:55.221094',NULL,1,NULL);
INSERT INTO "rejestr_zabezpieczenie" ("id","zab_skrot","zab_opis","created","last_updated","zab_waga","zab_active","komorka") VALUES (20,'ZT-17','Nadzr Wydziau Logistyki nad stanem technicznym nieruchomoci','2023-10-22 12:18:20','2023-10-22 12:18:20',NULL,1,NULL);
INSERT INTO "rejestr_zabezpieczenie" ("id","zab_skrot","zab_opis","created","last_updated","zab_waga","zab_active","komorka") VALUES (21,'ZT-18','Nadzr Wydziau Logistyki nad odnieaniem dachw','2023-10-22 12:18:20','2023-10-22 12:18:20',NULL,1,NULL);
INSERT INTO "rejestr_zabezpieczenie" ("id","zab_skrot","zab_opis","created","last_updated","zab_waga","zab_active","komorka") VALUES (22,'ZT-19','Przegldy okresowe budynkw','2023-10-22 12:18:20','2023-10-22 12:30:24.893478',NULL,1,NULL);
INSERT INTO "rejestr_zabezpieczenie" ("id","zab_skrot","zab_opis","created","last_updated","zab_waga","zab_active","komorka") VALUES (23,'ZT-20','Rozsyanie alertw sub kryzysowych / pogodowych (np.: RCB)','2023-10-22 12:18:20','2023-10-22 12:18:20',NULL,1,NULL);
INSERT INTO "rejestr_zabezpieczenie" ("id","zab_skrot","zab_opis","created","last_updated","zab_waga","zab_active","komorka") VALUES (24,'ZT-21','Ubezpieczenie nieruchomoci','2023-10-22 12:18:20','2023-10-22 12:30:03.034373',NULL,1,NULL);
INSERT INTO "rejestr_zabezpieczenie" ("id","zab_skrot","zab_opis","created","last_updated","zab_waga","zab_active","komorka") VALUES (25,'ZT-22','Awaryjne zasilanie budynku - agregator prdotwrczy','2023-10-22 12:18:20','2023-10-22 12:18:20',NULL,1,NULL);
INSERT INTO "rejestr_zabezpieczenie" ("id","zab_skrot","zab_opis","created","last_updated","zab_waga","zab_active","komorka") VALUES (26,'ZT-23','Dostawy wody przeznaczonej do picia','2023-10-22 12:18:20','2023-10-22 12:18:20',NULL,1,NULL);
INSERT INTO "rejestr_zabezpieczenie" ("id","zab_skrot","zab_opis","created","last_updated","zab_waga","zab_active","komorka") VALUES (27,'ZT-24','System zasilania gwarantowanego / automatycznego przeczania zasilania.','2023-10-22 12:18:20','2023-10-22 12:18:20',NULL,1,NULL);
INSERT INTO "rejestr_zabezpieczenie" ("id","zab_skrot","zab_opis","created","last_updated","zab_waga","zab_active","komorka") VALUES (28,'ZT-25','Uprawnienia pracownikw do 1kV','2023-10-22 12:18:20','2023-10-22 12:18:20',NULL,1,NULL);
INSERT INTO "rejestr_zabezpieczenie" ("id","zab_skrot","zab_opis","created","last_updated","zab_waga","zab_active","komorka") VALUES (29,'ZT-26','Uziemienie / zerowanie','2023-10-22 12:18:20','2023-10-22 12:18:20',NULL,1,NULL);
INSERT INTO "rejestr_zabezpieczenie" ("id","zab_skrot","zab_opis","created","last_updated","zab_waga","zab_active","komorka") VALUES (30,'ZT-27','Ochrona fizyczna stanowiska pracy przez pracownikw','2023-10-22 12:18:20','2023-10-22 12:18:20',NULL,1,NULL);
INSERT INTO "rejestr_zabezpieczenie" ("id","zab_skrot","zab_opis","created","last_updated","zab_waga","zab_active","komorka") VALUES (31,'ZT-28','Elektroniczna kontrola dostpu do pomieszcze biurowych','2023-10-22 12:18:20','2023-10-22 12:18:20',NULL,1,NULL);
INSERT INTO "rejestr_zabezpieczenie" ("id","zab_skrot","zab_opis","created","last_updated","zab_waga","zab_active","komorka") VALUES (32,'ZT-29','Elektroniczna kontrola dostpu fizycznego do serwerowni','2023-10-22 12:18:20','2023-10-22 12:18:20',NULL,1,NULL);
INSERT INTO "rejestr_zabezpieczenie" ("id","zab_skrot","zab_opis","created","last_updated","zab_waga","zab_active","komorka") VALUES (33,'ZT-30','Plombowanie pomieszcze','2023-10-22 12:18:20','2023-10-22 12:18:20',NULL,1,NULL);
INSERT INTO "rejestr_zabezpieczenie" ("id","zab_skrot","zab_opis","created","last_updated","zab_waga","zab_active","komorka") VALUES (34,'ZT-31','Monitoring wizyjny','2023-10-22 12:18:20','2023-10-22 12:18:20',NULL,1,NULL);
INSERT INTO "rejestr_zabezpieczenie" ("id","zab_skrot","zab_opis","created","last_updated","zab_waga","zab_active","komorka") VALUES (35,'ZT-32','Kraty w oknach','2023-10-22 12:18:20','2023-10-22 12:18:20',NULL,1,NULL);
INSERT INTO "rejestr_zabezpieczenie" ("id","zab_skrot","zab_opis","created","last_updated","zab_waga","zab_active","komorka") VALUES (36,'ZT-33','Strefy dostpu fizycznego','2023-10-22 12:18:20','2023-10-22 12:18:20',NULL,1,NULL);
INSERT INTO "rejestr_zabezpieczenie" ("id","zab_skrot","zab_opis","created","last_updated","zab_waga","zab_active","komorka") VALUES (37,'ZT-34','Plan(y) ochrony fizycznej - polityka kontroli dostpu','2023-10-22 12:18:20','2023-10-22 12:18:20',NULL,1,NULL);
INSERT INTO "rejestr_zabezpieczenie" ("id","zab_skrot","zab_opis","created","last_updated","zab_waga","zab_active","komorka") VALUES (38,'ZT-35','Plan(y) ochrony fizycznej - polityka przechowywania kluczy','2023-10-22 12:18:20','2023-10-22 12:18:20',NULL,1,NULL);
INSERT INTO "rejestr_zabezpieczenie" ("id","zab_skrot","zab_opis","created","last_updated","zab_waga","zab_active","komorka") VALUES (39,'ZT-36','Ochrona fizyczna w poszczeglnych nieruchomociach przez wyspecjalizowan sub','2023-10-22 12:18:20','2023-10-22 12:18:20',NULL,1,NULL);
INSERT INTO "rejestr_zabezpieczenie" ("id","zab_skrot","zab_opis","created","last_updated","zab_waga","zab_active","komorka") VALUES (40,'ZT-37','ciany i stropy w pomieszczeniach, zapewniaj waciw odporno mechaniczn','2023-10-22 12:18:20','2023-10-22 12:18:20',NULL,1,NULL);
INSERT INTO "rejestr_zabezpieczenie" ("id","zab_skrot","zab_opis","created","last_updated","zab_waga","zab_active","komorka") VALUES (41,'ZT-38','drzwi i/lub okna zapewniaj waciw odporno przeciwpoarow i przeciwwamaniow','2023-10-22 12:18:20','2023-10-22 12:18:20',NULL,1,NULL);
INSERT INTO "rejestr_zabezpieczenie" ("id","zab_skrot","zab_opis","created","last_updated","zab_waga","zab_active","komorka") VALUES (42,'ZT-39','System Sygnalizacji Wamania i Napadu','2023-10-22 12:18:20','2023-10-22 12:18:20',NULL,1,NULL);
INSERT INTO "rejestr_zabezpieczenie" ("id","zab_skrot","zab_opis","created","last_updated","zab_waga","zab_active","komorka") VALUES (43,'ZT-40','Audyt nadanych uprawnie przez AZU nie rzadziej ni co 6 m-cy','2023-10-22 12:18:20','2023-10-22 12:18:20',NULL,1,NULL);
INSERT INTO "rejestr_zabezpieczenie" ("id","zab_skrot","zab_opis","created","last_updated","zab_waga","zab_active","komorka") VALUES (44,'ZT-41','Centralny Service Desk','2023-10-22 12:18:20','2023-10-22 12:18:20',NULL,1,NULL);
INSERT INTO "rejestr_zabezpieczenie" ("id","zab_skrot","zab_opis","created","last_updated","zab_waga","zab_active","komorka") VALUES (45,'ZT-42','Dokumentacja systemw jest czci zamwienia (w tym publicznego)','2023-10-22 12:18:20','2023-10-22 12:18:20',NULL,1,NULL);
INSERT INTO "rejestr_zabezpieczenie" ("id","zab_skrot","zab_opis","created","last_updated","zab_waga","zab_active","komorka") VALUES (46,'ZT-43','Domylna blokada portw USB','2023-10-22 12:18:20','2023-10-22 12:18:20',NULL,1,NULL);
INSERT INTO "rejestr_zabezpieczenie" ("id","zab_skrot","zab_opis","created","last_updated","zab_waga","zab_active","komorka") VALUES (47,'ZT-44','HelpDesk przez CSD','2023-10-22 12:18:20','2023-10-22 20:07:51.522401',NULL,1,NULL);
INSERT INTO "rejestr_zabezpieczenie" ("id","zab_skrot","zab_opis","created","last_updated","zab_waga","zab_active","komorka") VALUES (48,'ZT-45','Indywidualne przypisanie odpowiedzialnoci za przydzielony sprzt, noniki i dokumenty','2023-10-22 12:18:20','2023-10-22 12:18:20',NULL,1,NULL);
INSERT INTO "rejestr_zabezpieczenie" ("id","zab_skrot","zab_opis","created","last_updated","zab_waga","zab_active","komorka") VALUES (49,'ZT-46','Klauzule w umowach gwarantujce, e w przypadku awarii i zabrania sprztu do serwisu poza stref przetwarzania dyski i inne noniki pozostaj w strefie przetwarzania','2023-10-22 12:18:20','2023-10-22 12:18:20',NULL,1,NULL);
INSERT INTO "rejestr_zabezpieczenie" ("id","zab_skrot","zab_opis","created","last_updated","zab_waga","zab_active","komorka") VALUES (50,'ZT-47','Konfiguracja oprogramowania przez CIRF centralnie na poziomie ustawie domenowych','2023-10-22 12:18:20','2023-10-22 12:18:20',NULL,1,NULL);
INSERT INTO "rejestr_zabezpieczenie" ("id","zab_skrot","zab_opis","created","last_updated","zab_waga","zab_active","komorka") VALUES (51,'ZT-48','Nadzr CIRF nad Infrastruktur informatyczn RF/IAS','2023-10-22 12:18:20','2023-10-22 12:18:20',NULL,1,NULL);
INSERT INTO "rejestr_zabezpieczenie" ("id","zab_skrot","zab_opis","created","last_updated","zab_waga","zab_active","komorka") VALUES (52,'ZT-49','Pooenie krytycznych systemw na warstwie centralnej (CIRF)','2023-10-22 12:18:20','2023-10-22 12:18:20',NULL,1,NULL);
INSERT INTO "rejestr_zabezpieczenie" ("id","zab_skrot","zab_opis","created","last_updated","zab_waga","zab_active","komorka") VALUES (53,'ZT-50','Zarzdzanie sprztem informatycznym (Inwentaryzacja sprztu, licencji i zainstalowanego oprogramowania) CIRF','2023-10-22 12:18:20','2023-10-22 12:18:20',NULL,1,NULL);
INSERT INTO "rejestr_zabezpieczenie" ("id","zab_skrot","zab_opis","created","last_updated","zab_waga","zab_active","komorka") VALUES (54,'ZT-51','Obowizek zgaszania incydentw przez wszystkich pracownikw','2023-10-22 12:18:20','2023-10-22 12:18:20',NULL,1,NULL);
INSERT INTO "rejestr_zabezpieczenie" ("id","zab_skrot","zab_opis","created","last_updated","zab_waga","zab_active","komorka") VALUES (55,'ZT-52','Polityki oraz procedury: SZBI (PBI, PODO, PCD)','2023-10-22 12:18:20','2023-10-22 12:18:20',NULL,1,NULL);
INSERT INTO "rejestr_zabezpieczenie" ("id","zab_skrot","zab_opis","created","last_updated","zab_waga","zab_active","komorka") VALUES (56,'ZT-53','Nadzr subowy przeoonych nad zakresem uprawnie pracownikw','2023-10-22 12:18:20','2023-10-22 12:18:20',NULL,1,NULL);
INSERT INTO "rejestr_zabezpieczenie" ("id","zab_skrot","zab_opis","created","last_updated","zab_waga","zab_active","komorka") VALUES (57,'ZT-54','Porozumienia o wsppracy z rnymi subami (w tym: Stra Poarna, Policja, Stra Graniczna, Wojewoda)','2023-10-22 12:18:20','2023-10-22 12:18:20',NULL,1,NULL);
INSERT INTO "rejestr_zabezpieczenie" ("id","zab_skrot","zab_opis","created","last_updated","zab_waga","zab_active","komorka") VALUES (58,'ZT-55','Powiadczenie bezpieczestwa osobowe na poziomie co najmniej POUFNE','2023-10-22 12:18:20','2023-10-22 12:18:20',NULL,1,NULL);
INSERT INTO "rejestr_zabezpieczenie" ("id","zab_skrot","zab_opis","created","last_updated","zab_waga","zab_active","komorka") VALUES (59,'ZT-56','Powoana Suba BHP, Szkolenia BHP, Spoeczny inspektor pracy, badania okresowe','2023-10-22 12:18:20','2023-10-22 12:18:20',NULL,1,NULL);
INSERT INTO "rejestr_zabezpieczenie" ("id","zab_skrot","zab_opis","created","last_updated","zab_waga","zab_active","komorka") VALUES (60,'ZT-57','Powoane ZRIB IAS + ZRIB MF','2023-10-22 12:18:20','2023-10-22 12:18:20',NULL,1,NULL);
INSERT INTO "rejestr_zabezpieczenie" ("id","zab_skrot","zab_opis","created","last_updated","zab_waga","zab_active","komorka") VALUES (61,'ZT-58','Powoany Zesp Zarzdzania Kryzysowego (w przypadku zagroenia zdrowia i ycia)','2023-10-22 12:18:20','2023-10-22 12:18:20',NULL,1,NULL);
INSERT INTO "rejestr_zabezpieczenie" ("id","zab_skrot","zab_opis","created","last_updated","zab_waga","zab_active","komorka") VALUES (62,'ZT-59','Procedura rozpoczcia zawieszenia i zakoczenia pracy','2023-10-22 12:18:20','2023-10-22 12:18:20',NULL,1,NULL);
INSERT INTO "rejestr_zabezpieczenie" ("id","zab_skrot","zab_opis","created","last_updated","zab_waga","zab_active","komorka") VALUES (63,'ZT-60','Procedury awaryjne','2023-10-22 12:18:20','2023-10-22 12:18:20',NULL,1,NULL);
INSERT INTO "rejestr_zabezpieczenie" ("id","zab_skrot","zab_opis","created","last_updated","zab_waga","zab_active","komorka") VALUES (64,'ZT-61','Projektowanie oprogramowania oraz innego wsparcia czynnoci przetwarzania zgodnie z zasad Privacy by Design','2023-10-22 12:18:20','2023-10-22 12:18:20',NULL,1,NULL);
INSERT INTO "rejestr_zabezpieczenie" ("id","zab_skrot","zab_opis","created","last_updated","zab_waga","zab_active","komorka") VALUES (65,'ZT-62','Przyrzeczenia dot. tajemnicy skarbowej i celnej','2023-10-22 12:18:20','2023-10-22 12:18:20',NULL,1,NULL);
INSERT INTO "rejestr_zabezpieczenie" ("id","zab_skrot","zab_opis","created","last_updated","zab_waga","zab_active","komorka") VALUES (66,'ZT-63','Realizacja wnioskw osb fizycznych o dostp do danych','2023-10-22 12:18:20','2023-10-22 12:18:20',NULL,1,NULL);
INSERT INTO "rejestr_zabezpieczenie" ("id","zab_skrot","zab_opis","created","last_updated","zab_waga","zab_active","komorka") VALUES (67,'ZT-64','Regularne wiczenia ewakuacji budynku','2023-10-22 12:18:20','2023-10-22 12:58:09.430951',NULL,1,NULL);
INSERT INTO "rejestr_zabezpieczenie" ("id","zab_skrot","zab_opis","created","last_updated","zab_waga","zab_active","komorka") VALUES (68,'ZT-65','System Zarzadzania Cigoci Dziaania','2023-10-22 12:18:20','2023-10-22 12:18:20',NULL,1,NULL);
INSERT INTO "rejestr_zabezpieczenie" ("id","zab_skrot","zab_opis","created","last_updated","zab_waga","zab_active","komorka") VALUES (69,'ZT-66','Obsuga wnioskw o realizacj praw i wolnoci','2023-10-22 12:18:20','2023-10-22 12:18:20',NULL,1,NULL);
INSERT INTO "rejestr_zabezpieczenie" ("id","zab_skrot","zab_opis","created","last_updated","zab_waga","zab_active","komorka") VALUES (70,'ZT-67','Szkolenia z bezpieczestwa informacji (Szkolenia z ochrony danych osobowych, Szkolenia z tajemnicy skarbowej i celnej,','2023-10-22 12:18:20','2023-10-22 12:18:20',NULL,1,NULL);
INSERT INTO "rejestr_zabezpieczenie" ("id","zab_skrot","zab_opis","created","last_updated","zab_waga","zab_active","komorka") VALUES (71,'ZT-68','Testy penetracyjne systemw teleinformatycznych','2023-10-22 12:18:20','2023-10-22 12:18:20',NULL,1,NULL);
INSERT INTO "rejestr_zabezpieczenie" ("id","zab_skrot","zab_opis","created","last_updated","zab_waga","zab_active","komorka") VALUES (72,'ZT-69','Polityka pracy zdalnej','2023-10-22 12:18:20','2023-10-22 12:18:20',NULL,1,NULL);
INSERT INTO "rejestr_zabezpieczenie" ("id","zab_skrot","zab_opis","created","last_updated","zab_waga","zab_active","komorka") VALUES (73,'ZT-70','Umowy gwarancyjne i pogwarancyjne (sprztu i oprogramowania)','2023-10-22 12:18:20','2023-10-22 12:18:20',NULL,1,NULL);
INSERT INTO "rejestr_zabezpieczenie" ("id","zab_skrot","zab_opis","created","last_updated","zab_waga","zab_active","komorka") VALUES (74,'ZT-71','Zapewnienie stanu osobowego (np.: GRK/GRO)','2023-10-22 12:18:20','2023-10-22 12:18:20',NULL,1,NULL);
INSERT INTO "rejestr_zabezpieczenie" ("id","zab_skrot","zab_opis","created","last_updated","zab_waga","zab_active","komorka") VALUES (75,'ZT-72','Blokada nieznanych urzdze sieciowych na podstawie adresu MAC','2023-10-22 12:18:20','2023-10-22 12:18:20',NULL,1,NULL);
INSERT INTO "rejestr_zabezpieczenie" ("id","zab_skrot","zab_opis","created","last_updated","zab_waga","zab_active","komorka") VALUES (76,'ZT-73','Dzienniki zdarze systemowych (dzienniki systemowe)','2023-10-22 12:18:20','2023-10-22 12:18:20',NULL,1,NULL);
INSERT INTO "rejestr_zabezpieczenie" ("id","zab_skrot","zab_opis","created","last_updated","zab_waga","zab_active","komorka") VALUES (77,'ZT-74','Filtr antyspamowy w poczcie elektronicznej','2023-10-22 12:18:20','2023-10-22 12:18:20',NULL,1,NULL);
INSERT INTO "rejestr_zabezpieczenie" ("id","zab_skrot","zab_opis","created","last_updated","zab_waga","zab_active","komorka") VALUES (78,'ZT-75','Filtr antywirusowy w poczcie elektronicznej','2023-10-22 12:18:20','2023-10-22 12:18:20',NULL,1,NULL);
INSERT INTO "rejestr_zabezpieczenie" ("id","zab_skrot","zab_opis","created","last_updated","zab_waga","zab_active","komorka") VALUES (79,'ZT-76','Funkcjonalnoci aplikacji oparte o klasy uprawnie do danych','2023-10-22 12:18:20','2023-10-22 12:18:20',NULL,1,NULL);
INSERT INTO "rejestr_zabezpieczenie" ("id","zab_skrot","zab_opis","created","last_updated","zab_waga","zab_active","komorka") VALUES (80,'ZT-77','Funkcjonalno uwierzytelnienia w aplikacji biznesowej','2023-10-22 12:18:20','2023-10-22 12:18:20',NULL,1,NULL);
INSERT INTO "rejestr_zabezpieczenie" ("id","zab_skrot","zab_opis","created","last_updated","zab_waga","zab_active","komorka") VALUES (81,'ZT-78','Gromadzenie logw systemowych (rozliczalno)','2023-10-22 12:18:20','2023-10-22 12:18:20',NULL,1,NULL);
INSERT INTO "rejestr_zabezpieczenie" ("id","zab_skrot","zab_opis","created","last_updated","zab_waga","zab_active","komorka") VALUES (82,'ZT-79','Minimalizacja uprawnie w systemach (w tym do instalowania oprogramowania)','2023-10-22 12:18:20','2023-10-22 12:18:20',NULL,1,NULL);
INSERT INTO "rejestr_zabezpieczenie" ("id","zab_skrot","zab_opis","created","last_updated","zab_waga","zab_active","komorka") VALUES (83,'ZT-80','Monitorowanie konfiguracji i stanu stacji roboczych - OCS Inventory','2023-10-22 12:18:20','2023-10-22 12:18:20',NULL,1,NULL);
INSERT INTO "rejestr_zabezpieczenie" ("id","zab_skrot","zab_opis","created","last_updated","zab_waga","zab_active","komorka") VALUES (84,'ZT-81','Opracowywanie oprogramowania na danych testowych / fikcyjnych','2023-10-22 12:18:20','2023-10-22 12:18:20',NULL,1,NULL);
INSERT INTO "rejestr_zabezpieczenie" ("id","zab_skrot","zab_opis","created","last_updated","zab_waga","zab_active","komorka") VALUES (85,'ZT-82','Praca w trybie uytkownika nieuprzywilejowanego','2023-10-22 12:18:20','2023-10-22 12:18:20',NULL,1,NULL);
INSERT INTO "rejestr_zabezpieczenie" ("id","zab_skrot","zab_opis","created","last_updated","zab_waga","zab_active","komorka") VALUES (86,'ZT-83','Rozdzielenie rodowiska produkcyjnego od deweloperskiego i testowego','2023-10-22 12:18:20','2023-10-22 12:18:20',NULL,1,NULL);
INSERT INTO "rejestr_zabezpieczenie" ("id","zab_skrot","zab_opis","created","last_updated","zab_waga","zab_active","komorka") VALUES (87,'ZT-84','System zarzdzania kodem rdowym z ograniczeniami dostpu','2023-10-22 12:18:20','2023-10-22 12:18:20',NULL,1,NULL);
INSERT INTO "rejestr_zabezpieczenie" ("id","zab_skrot","zab_opis","created","last_updated","zab_waga","zab_active","komorka") VALUES (88,'ZT-85','Zakaz instalacji oprogramowania przez uytkownikw na stacjach roboczych','2023-10-22 12:18:20','2023-10-22 12:18:20',NULL,1,NULL);
INSERT INTO "rejestr_zabezpieczenie" ("id","zab_skrot","zab_opis","created","last_updated","zab_waga","zab_active","komorka") VALUES (89,'ZT-86','Zakaz uywania oprogramowania typu PORTABLE','2023-10-22 12:18:20','2023-10-22 12:18:20',NULL,1,NULL);
INSERT INTO "rejestr_zabezpieczenie" ("id","zab_skrot","zab_opis","created","last_updated","zab_waga","zab_active","komorka") VALUES (90,'ZT-87','Zarzdzanie aktualizacjami systemu operacyjnego (CIRF)','2023-10-22 12:18:20','2023-10-22 12:18:20',NULL,1,NULL);
INSERT INTO "rejestr_zabezpieczenie" ("id","zab_skrot","zab_opis","created","last_updated","zab_waga","zab_active","komorka") VALUES (91,'ZT-88','Anonimizacja dokumentw - zarzdzenie MF ws. anonimizacji','2023-10-22 12:18:20','2023-10-22 12:18:20',NULL,1,NULL);
INSERT INTO "rejestr_zabezpieczenie" ("id","zab_skrot","zab_opis","created","last_updated","zab_waga","zab_active","komorka") VALUES (92,'ZT-89','Centralnie zarzdzany System Antywirusowy','2023-10-22 12:18:20','2023-10-22 12:18:20',NULL,1,NULL);
INSERT INTO "rejestr_zabezpieczenie" ("id","zab_skrot","zab_opis","created","last_updated","zab_waga","zab_active","komorka") VALUES (93,'ZT-90','Dostp zdalny przez VPN, szyfrowanie komunikacji','2023-10-22 12:18:20','2023-10-22 12:18:20',NULL,1,NULL);
INSERT INTO "rejestr_zabezpieczenie" ("id","zab_skrot","zab_opis","created","last_updated","zab_waga","zab_active","komorka") VALUES (94,'ZT-91','Ekrany komputerw ustawione w taki sposb, aby przy wejciu do pomieszczenia nie byo wida wywietlanej treci','2023-10-22 12:18:20','2023-10-22 12:18:20',NULL,1,NULL);
INSERT INTO "rejestr_zabezpieczenie" ("id","zab_skrot","zab_opis","created","last_updated","zab_waga","zab_active","komorka") VALUES (95,'ZT-92','Interaktywny system kwalifikowania informacji','2023-10-22 12:18:20','2023-10-22 12:18:20',NULL,1,NULL);
INSERT INTO "rejestr_zabezpieczenie" ("id","zab_skrot","zab_opis","created","last_updated","zab_waga","zab_active","komorka") VALUES (96,'ZT-93','UPS zarzdzany centralnie przez MF','2023-10-22 12:18:20','2023-10-22 12:18:20',NULL,1,NULL);
INSERT INTO "rejestr_zabezpieczenie" ("id","zab_skrot","zab_opis","created","last_updated","zab_waga","zab_active","komorka") VALUES (97,'ZT-94','Klauzule informacyjne dla klientw urzdu','2023-10-22 12:18:20','2023-10-22 12:18:20',NULL,1,NULL);
INSERT INTO "rejestr_zabezpieczenie" ("id","zab_skrot","zab_opis","created","last_updated","zab_waga","zab_active","komorka") VALUES (98,'ZT-95','Klauzule poufnoci','2023-10-22 12:18:20','2023-10-22 12:18:20',NULL,1,NULL);
INSERT INTO "rejestr_zabezpieczenie" ("id","zab_skrot","zab_opis","created","last_updated","zab_waga","zab_active","komorka") VALUES (99,'ZT-96','Klimatyzacja indywidualnych pomieszcze biurowych, w tym wentylatory przenone','2023-10-22 12:18:20','2023-10-22 12:18:20',NULL,1,NULL);
INSERT INTO "rejestr_zabezpieczenie" ("id","zab_skrot","zab_opis","created","last_updated","zab_waga","zab_active","komorka") VALUES (100,'ZT-97','Klimatyzacja serwerowni, budynkw lub indywidualnych pomieszcze, w tym wentylatory przenone','2023-10-22 12:18:20','2023-10-22 12:18:20',NULL,1,NULL);
INSERT INTO "rejestr_zabezpieczenie" ("id","zab_skrot","zab_opis","created","last_updated","zab_waga","zab_active","komorka") VALUES (101,'ZT-98','Konserwacja sprztu komputerowego','2023-10-22 12:18:20','2023-10-22 12:18:20',NULL,1,NULL);
INSERT INTO "rejestr_zabezpieczenie" ("id","zab_skrot","zab_opis","created","last_updated","zab_waga","zab_active","komorka") VALUES (102,'ZT-99','Kopia zapasowa lokalna','2023-10-22 12:18:20','2023-10-22 12:18:20',NULL,1,NULL);
INSERT INTO "rejestr_zabezpieczenie" ("id","zab_skrot","zab_opis","created","last_updated","zab_waga","zab_active","komorka") VALUES (103,'ZT-100','Kopia zapasowa na warstwie centralnej','2023-10-22 12:18:20','2023-10-22 12:18:20',NULL,1,NULL);
INSERT INTO "rejestr_zabezpieczenie" ("id","zab_skrot","zab_opis","created","last_updated","zab_waga","zab_active","komorka") VALUES (104,'ZT-101','Monitorowanie centralne styku z sieci publiczn przez MF - IPS','2023-10-22 12:18:20','2023-10-22 12:18:20',NULL,1,NULL);
INSERT INTO "rejestr_zabezpieczenie" ("id","zab_skrot","zab_opis","created","last_updated","zab_waga","zab_active","komorka") VALUES (105,'ZT-102','Monitorowanie pojemnoci dyskowej','2023-10-22 12:18:20','2023-10-22 12:18:20',NULL,1,NULL);
INSERT INTO "rejestr_zabezpieczenie" ("id","zab_skrot","zab_opis","created","last_updated","zab_waga","zab_active","komorka") VALUES (106,'ZT-103','Monitorowanie ruchu w sieci wewntrznej MF - IPS','2023-10-22 12:18:20','2023-10-22 12:18:20',NULL,1,NULL);
INSERT INTO "rejestr_zabezpieczenie" ("id","zab_skrot","zab_opis","created","last_updated","zab_waga","zab_active","komorka") VALUES (107,'ZT-104','Monitorowanie uprawnie administracyjnych','2023-10-22 12:18:20','2023-10-22 12:18:20',NULL,1,NULL);
INSERT INTO "rejestr_zabezpieczenie" ("id","zab_skrot","zab_opis","created","last_updated","zab_waga","zab_active","komorka") VALUES (108,'ZT-105','Nadzr administratora danych nad subowym wykorzystaniem systemu','2023-10-22 12:18:20','2024-05-23 18:32:23.923951',NULL,1,NULL);
INSERT INTO "rejestr_zabezpieczenie" ("id","zab_skrot","zab_opis","created","last_updated","zab_waga","zab_active","komorka") VALUES (109,'ZT-106','Nadzr przeoonych nad integralnoci danych','2023-10-22 12:18:20','2023-10-22 12:18:20',NULL,1,NULL);
INSERT INTO "rejestr_zabezpieczenie" ("id","zab_skrot","zab_opis","created","last_updated","zab_waga","zab_active","komorka") VALUES (110,'ZT-107','Obowizek niszczenia wydrukw, ktrych nie wczono do akt sprawy','2023-10-22 12:18:20','2023-10-22 12:18:20',NULL,1,NULL);
INSERT INTO "rejestr_zabezpieczenie" ("id","zab_skrot","zab_opis","created","last_updated","zab_waga","zab_active","komorka") VALUES (111,'ZT-108','Prowadzenie rejestru uytkownikw (w tym w postaci elektronicznej)','2023-10-22 12:18:20','2023-10-22 12:18:20',NULL,1,NULL);
INSERT INTO "rejestr_zabezpieczenie" ("id","zab_skrot","zab_opis","created","last_updated","zab_waga","zab_active","komorka") VALUES (112,'ZT-109','Sprzt z certyfikatem CE','2023-10-22 12:18:21','2023-10-22 12:18:21',NULL,1,NULL);
INSERT INTO "rejestr_zabezpieczenie" ("id","zab_skrot","zab_opis","created","last_updated","zab_waga","zab_active","komorka") VALUES (113,'ZT-110','prowadzony jest dziennik administratora / operatora','2023-10-22 12:18:21','2024-05-27 09:31:02.815151',NULL,1,NULL);
INSERT INTO "rejestr_zabezpieczenie" ("id","zab_skrot","zab_opis","created","last_updated","zab_waga","zab_active","komorka") VALUES (114,'ZT-111','ustawienia czasu w oparciu o Active Directory','2023-10-22 12:18:21','2024-05-27 09:29:24.833959',NULL,1,NULL);
INSERT INTO "rejestr_zabezpieczenie" ("id","zab_skrot","zab_opis","created","last_updated","zab_waga","zab_active","komorka") VALUES (115,'ZT-112','Szyfrowanie komunikacji (w tym: SSL)','2023-10-22 12:18:21','2024-05-27 09:29:04.436293',NULL,1,NULL);
INSERT INTO "rejestr_zabezpieczenie" ("id","zab_skrot","zab_opis","created","last_updated","zab_waga","zab_active","komorka") VALUES (116,'ZT-113','Szyfrowanie nonikw (laptopy, pendrive)','2023-10-22 12:18:21','2024-05-27 09:28:20.963406',NULL,1,NULL);
INSERT INTO "rejestr_zabezpieczenie" ("id","zab_skrot","zab_opis","created","last_updated","zab_waga","zab_active","komorka") VALUES (117,'ZT-114','Umowy SLA','2023-10-22 12:18:21','2024-05-27 09:27:50.545901',NULL,1,NULL);
INSERT INTO "rejestr_zabezpieczenie" ("id","zab_skrot","zab_opis","created","last_updated","zab_waga","zab_active","komorka") VALUES (118,'ZT-115','Upowanienia do przetwarzania danych osobowych','2023-10-22 12:18:21','2024-05-23 16:35:53.030358',NULL,1,NULL);
INSERT INTO "rejestr_zabezpieczenie" ("id","zab_skrot","zab_opis","created","last_updated","zab_waga","zab_active","komorka") VALUES (119,'ZT-116','Uwierzytelnienie domenowe (centralne) - wymuszenie zmiany hasa','2023-10-22 12:18:21','2024-05-23 15:37:19.033508',NULL,1,NULL);
INSERT INTO "rejestr_zabezpieczenie" ("id","zab_skrot","zab_opis","created","last_updated","zab_waga","zab_active","komorka") VALUES (120,'ZT-117','Uwierzytelnienie domenowe (centralne) - zapewnienie zoonoci hase','2023-10-22 12:18:21','2024-05-23 15:26:19.007014',NULL,1,NULL);
INSERT INTO "rejestr_zabezpieczenie_GrupyZabezpieczen" ("id","zabezpieczenie_id","grupazabezpieczen_id") VALUES (1,2,1);
INSERT INTO "rejestr_zabezpieczenie_GrupyZabezpieczen" ("id","zabezpieczenie_id","grupazabezpieczen_id") VALUES (2,2,4);
INSERT INTO "rejestr_zabezpieczenie_GrupyZabezpieczen" ("id","zabezpieczenie_id","grupazabezpieczen_id") VALUES (3,1,4);
INSERT INTO "rejestr_zabezpieczenie_GrupyZabezpieczen" ("id","zabezpieczenie_id","grupazabezpieczen_id") VALUES (4,3,1);
INSERT INTO "rejestr_zabezpieczenie_GrupyZabezpieczen" ("id","zabezpieczenie_id","grupazabezpieczen_id") VALUES (5,3,4);
INSERT INTO "rejestr_zabezpieczenie_GrupyZabezpieczen" ("id","zabezpieczenie_id","grupazabezpieczen_id") VALUES (6,1,1);
INSERT INTO "rejestr_zabezpieczenie_GrupyZabezpieczen" ("id","zabezpieczenie_id","grupazabezpieczen_id") VALUES (7,24,2);
INSERT INTO "rejestr_zabezpieczenie_GrupyZabezpieczen" ("id","zabezpieczenie_id","grupazabezpieczen_id") VALUES (8,22,2);
INSERT INTO "rejestr_zabezpieczenie_GrupyZabezpieczen" ("id","zabezpieczenie_id","grupazabezpieczen_id") VALUES (9,4,5);
INSERT INTO "rejestr_zabezpieczenie_GrupyZabezpieczen" ("id","zabezpieczenie_id","grupazabezpieczen_id") VALUES (10,6,4);
INSERT INTO "rejestr_zabezpieczenie_GrupyZabezpieczen" ("id","zabezpieczenie_id","grupazabezpieczen_id") VALUES (11,8,1);
INSERT INTO "rejestr_zabezpieczenie_GrupyZabezpieczen" ("id","zabezpieczenie_id","grupazabezpieczen_id") VALUES (12,8,5);
INSERT INTO "rejestr_zabezpieczenie_GrupyZabezpieczen" ("id","zabezpieczenie_id","grupazabezpieczen_id") VALUES (13,7,1);
INSERT INTO "rejestr_zabezpieczenie_GrupyZabezpieczen" ("id","zabezpieczenie_id","grupazabezpieczen_id") VALUES (14,7,4);
INSERT INTO "rejestr_zabezpieczenie_GrupyZabezpieczen" ("id","zabezpieczenie_id","grupazabezpieczen_id") VALUES (15,9,1);
INSERT INTO "rejestr_zabezpieczenie_GrupyZabezpieczen" ("id","zabezpieczenie_id","grupazabezpieczen_id") VALUES (16,9,5);
INSERT INTO "rejestr_zabezpieczenie_GrupyZabezpieczen" ("id","zabezpieczenie_id","grupazabezpieczen_id") VALUES (17,5,1);
INSERT INTO "rejestr_zabezpieczenie_GrupyZabezpieczen" ("id","zabezpieczenie_id","grupazabezpieczen_id") VALUES (18,5,2);
INSERT INTO "rejestr_zabezpieczenie_GrupyZabezpieczen" ("id","zabezpieczenie_id","grupazabezpieczen_id") VALUES (19,10,1);
INSERT INTO "rejestr_zabezpieczenie_GrupyZabezpieczen" ("id","zabezpieczenie_id","grupazabezpieczen_id") VALUES (20,10,2);
INSERT INTO "rejestr_zabezpieczenie_GrupyZabezpieczen" ("id","zabezpieczenie_id","grupazabezpieczen_id") VALUES (21,11,1);
INSERT INTO "rejestr_zabezpieczenie_GrupyZabezpieczen" ("id","zabezpieczenie_id","grupazabezpieczen_id") VALUES (22,11,2);
INSERT INTO "rejestr_zabezpieczenie_GrupyZabezpieczen" ("id","zabezpieczenie_id","grupazabezpieczen_id") VALUES (23,12,1);
INSERT INTO "rejestr_zabezpieczenie_GrupyZabezpieczen" ("id","zabezpieczenie_id","grupazabezpieczen_id") VALUES (24,12,5);
INSERT INTO "rejestr_zabezpieczenie_GrupyZabezpieczen" ("id","zabezpieczenie_id","grupazabezpieczen_id") VALUES (25,13,1);
INSERT INTO "rejestr_zabezpieczenie_GrupyZabezpieczen" ("id","zabezpieczenie_id","grupazabezpieczen_id") VALUES (26,13,5);
INSERT INTO "rejestr_zabezpieczenie_GrupyZabezpieczen" ("id","zabezpieczenie_id","grupazabezpieczen_id") VALUES (27,14,5);
INSERT INTO "rejestr_zabezpieczenie_GrupyZabezpieczen" ("id","zabezpieczenie_id","grupazabezpieczen_id") VALUES (28,14,7);
INSERT INTO "rejestr_zabezpieczenie_GrupyZabezpieczen" ("id","zabezpieczenie_id","grupazabezpieczen_id") VALUES (29,15,1);
INSERT INTO "rejestr_zabezpieczenie_GrupyZabezpieczen" ("id","zabezpieczenie_id","grupazabezpieczen_id") VALUES (30,15,4);
INSERT INTO "rejestr_zabezpieczenie_GrupyZabezpieczen" ("id","zabezpieczenie_id","grupazabezpieczen_id") VALUES (31,18,1);
INSERT INTO "rejestr_zabezpieczenie_GrupyZabezpieczen" ("id","zabezpieczenie_id","grupazabezpieczen_id") VALUES (32,18,2);
INSERT INTO "rejestr_zabezpieczenie_GrupyZabezpieczen" ("id","zabezpieczenie_id","grupazabezpieczen_id") VALUES (33,67,1);
INSERT INTO "rejestr_zabezpieczenie_GrupyZabezpieczen" ("id","zabezpieczenie_id","grupazabezpieczen_id") VALUES (34,67,2);
INSERT INTO "rejestr_zabezpieczenie_GrupyZabezpieczen" ("id","zabezpieczenie_id","grupazabezpieczen_id") VALUES (35,19,1);
INSERT INTO "rejestr_zabezpieczenie_GrupyZabezpieczen" ("id","zabezpieczenie_id","grupazabezpieczen_id") VALUES (36,19,2);
INSERT INTO "rejestr_zabezpieczenie_GrupyZabezpieczen" ("id","zabezpieczenie_id","grupazabezpieczen_id") VALUES (37,47,2);
INSERT INTO "rejestr_zabezpieczenie_GrupyZabezpieczen" ("id","zabezpieczenie_id","grupazabezpieczen_id") VALUES (38,47,5);
INSERT INTO "rejestr_zabezpieczenie_GrupyZabezpieczen" ("id","zabezpieczenie_id","grupazabezpieczen_id") VALUES (39,4,1);
INSERT INTO "rejestr_zabezpieczenie_GrupyZabezpieczen" ("id","zabezpieczenie_id","grupazabezpieczen_id") VALUES (40,16,5);
INSERT INTO "rejestr_zabezpieczenie_GrupyZabezpieczen" ("id","zabezpieczenie_id","grupazabezpieczen_id") VALUES (41,16,7);
INSERT INTO "rejestr_zabezpieczenie_GrupyZabezpieczen" ("id","zabezpieczenie_id","grupazabezpieczen_id") VALUES (42,7,5);
INSERT INTO "rejestr_zabezpieczenie_GrupyZabezpieczen" ("id","zabezpieczenie_id","grupazabezpieczen_id") VALUES (43,120,4);
INSERT INTO "rejestr_zabezpieczenie_GrupyZabezpieczen" ("id","zabezpieczenie_id","grupazabezpieczen_id") VALUES (44,120,5);
INSERT INTO "rejestr_zabezpieczenie_GrupyZabezpieczen" ("id","zabezpieczenie_id","grupazabezpieczen_id") VALUES (45,119,4);
INSERT INTO "rejestr_zabezpieczenie_GrupyZabezpieczen" ("id","zabezpieczenie_id","grupazabezpieczen_id") VALUES (46,119,5);
INSERT INTO "rejestr_zabezpieczenie_GrupyZabezpieczen" ("id","zabezpieczenie_id","grupazabezpieczen_id") VALUES (47,118,2);
INSERT INTO "rejestr_zabezpieczenie_GrupyZabezpieczen" ("id","zabezpieczenie_id","grupazabezpieczen_id") VALUES (48,114,4);
INSERT INTO "rejestr_zabezpieczenie_GrupyZabezpieczen" ("id","zabezpieczenie_id","grupazabezpieczen_id") VALUES (49,114,5);
INSERT INTO "rejestr_zabezpieczenie_GrupyZabezpieczen" ("id","zabezpieczenie_id","grupazabezpieczen_id") VALUES (50,117,2);
INSERT INTO "rejestr_zabezpieczenie_GrupyZabezpieczen" ("id","zabezpieczenie_id","grupazabezpieczen_id") VALUES (51,116,4);
INSERT INTO "rejestr_zabezpieczenie_GrupyZabezpieczen" ("id","zabezpieczenie_id","grupazabezpieczen_id") VALUES (52,116,5);
INSERT INTO "rejestr_zabezpieczenie_GrupyZabezpieczen" ("id","zabezpieczenie_id","grupazabezpieczen_id") VALUES (53,115,4);
INSERT INTO "rejestr_zabezpieczenie_GrupyZabezpieczen" ("id","zabezpieczenie_id","grupazabezpieczen_id") VALUES (54,115,5);
INSERT INTO "rejestr_zabezpieczenie_GrupyZabezpieczen" ("id","zabezpieczenie_id","grupazabezpieczen_id") VALUES (55,113,2);
INSERT INTO "rejestr_zabezpieczenie_Odpowiedzialni" ("id","zabezpieczenie_id","organizacja_id") VALUES (1,1,5);
INSERT INTO "rejestr_zabezpieczenie_Odpowiedzialni" ("id","zabezpieczenie_id","organizacja_id") VALUES (2,1,3);
INSERT INTO "rejestr_zabezpieczenie_Odpowiedzialni" ("id","zabezpieczenie_id","organizacja_id") VALUES (3,47,9);
INSERT INTO "rejestr_zabezpieczenie_Odpowiedzialni" ("id","zabezpieczenie_id","organizacja_id") VALUES (4,47,3);
INSERT INTO "rejestr_zabezpieczenie_Odpowiedzialni" ("id","zabezpieczenie_id","organizacja_id") VALUES (5,47,5);
INSERT INTO "rejestr_zabezpieczenie_Odpowiedzialni" ("id","zabezpieczenie_id","organizacja_id") VALUES (6,1,9);
INSERT INTO "rejestr_zabezpieczenie_Odpowiedzialni" ("id","zabezpieczenie_id","organizacja_id") VALUES (7,2,5);
INSERT INTO "rejestr_zabezpieczenie_Odpowiedzialni" ("id","zabezpieczenie_id","organizacja_id") VALUES (8,3,5);
INSERT INTO "rejestr_zabezpieczenie_Odpowiedzialni" ("id","zabezpieczenie_id","organizacja_id") VALUES (9,4,5);
INSERT INTO "rejestr_zabezpieczenie_Odpowiedzialni" ("id","zabezpieczenie_id","organizacja_id") VALUES (10,13,5);
INSERT INTO "rejestr_zabezpieczenie_Odpowiedzialni" ("id","zabezpieczenie_id","organizacja_id") VALUES (11,16,5);
INSERT INTO "rejestr_zabezpieczenie_Odpowiedzialni" ("id","zabezpieczenie_id","organizacja_id") VALUES (12,7,6);
INSERT INTO "rejestr_zabezpieczenie_Odpowiedzialni" ("id","zabezpieczenie_id","organizacja_id") VALUES (13,8,6);
INSERT INTO "rejestr_zabezpieczenie_Odpowiedzialni" ("id","zabezpieczenie_id","organizacja_id") VALUES (14,120,6);
INSERT INTO "rejestr_zabezpieczenie_Odpowiedzialni" ("id","zabezpieczenie_id","organizacja_id") VALUES (15,119,6);
INSERT INTO "rejestr_zabezpieczenie_Odpowiedzialni" ("id","zabezpieczenie_id","organizacja_id") VALUES (16,118,3);
INSERT INTO "rejestr_zabezpieczenie_Odpowiedzialni" ("id","zabezpieczenie_id","organizacja_id") VALUES (17,118,5);
INSERT INTO "rejestr_zabezpieczenie_Odpowiedzialni" ("id","zabezpieczenie_id","organizacja_id") VALUES (18,117,3);
INSERT INTO "rejestr_zabezpieczenie_Odpowiedzialni" ("id","zabezpieczenie_id","organizacja_id") VALUES (19,117,6);
INSERT INTO "rejestr_zabezpieczenie_Odpowiedzialni" ("id","zabezpieczenie_id","organizacja_id") VALUES (20,116,6);
INSERT INTO "rejestr_zabezpieczenie_Odpowiedzialni" ("id","zabezpieczenie_id","organizacja_id") VALUES (21,115,6);
INSERT INTO "rejestr_zabezpieczenie_Odpowiedzialni" ("id","zabezpieczenie_id","organizacja_id") VALUES (22,114,6);
INSERT INTO "rejestr_zabezpieczenie_Odpowiedzialni" ("id","zabezpieczenie_id","organizacja_id") VALUES (23,113,3);
INSERT INTO "rejestr_zabezpieczenie_Odpowiedzialni" ("id","zabezpieczenie_id","organizacja_id") VALUES (24,113,6);
INSERT INTO "rejestr_zagrozenie" ("id","zag_active","zag_skrot","zag_opis","created","last_updated","GrupaZagrozen_id") VALUES (3,1,'ZG-1','poar','2023-10-22 12:13:07','2023-10-22 12:13:07',2);
INSERT INTO "rejestr_zagrozenie" ("id","zag_active","zag_skrot","zag_opis","created","last_updated","GrupaZagrozen_id") VALUES (4,1,'ZG-2','zalanie','2023-10-22 12:13:07','2023-10-22 12:13:07',2);
INSERT INTO "rejestr_zagrozenie" ("id","zag_active","zag_skrot","zag_opis","created","last_updated","GrupaZagrozen_id") VALUES (5,1,'ZG-3','zanieczyszczenie','2023-10-22 12:13:07','2023-10-22 12:13:07',2);
INSERT INTO "rejestr_zagrozenie" ("id","zag_active","zag_skrot","zag_opis","created","last_updated","GrupaZagrozen_id") VALUES (6,1,'ZG-4','powany wypadek','2023-10-22 12:13:07','2023-10-22 12:13:07',2);
INSERT INTO "rejestr_zagrozenie" ("id","zag_active","zag_skrot","zag_opis","created","last_updated","GrupaZagrozen_id") VALUES (7,1,'ZG-5','zniszczenie urzdze, nonikw lub dokumentw','2023-10-22 12:13:07','2023-10-22 12:13:07',2);
INSERT INTO "rejestr_zagrozenie" ("id","zag_active","zag_skrot","zag_opis","created","last_updated","GrupaZagrozen_id") VALUES (8,1,'ZG-6','py, korozja, wychodzenie','2023-10-22 12:13:07','2023-10-22 12:13:07',2);
INSERT INTO "rejestr_zagrozenie" ("id","zag_active","zag_skrot","zag_opis","created","last_updated","GrupaZagrozen_id") VALUES (9,1,'ZG-7','zjawiska klimatyczne','2023-10-22 12:13:07','2023-11-02 18:09:35.982429',3);
INSERT INTO "rejestr_zagrozenie" ("id","zag_active","zag_skrot","zag_opis","created","last_updated","GrupaZagrozen_id") VALUES (10,1,'ZG-8','zjawiska sejsmiczne','2023-10-22 12:13:07','2023-11-02 18:09:47.875417',3);
INSERT INTO "rejestr_zagrozenie" ("id","zag_active","zag_skrot","zag_opis","created","last_updated","GrupaZagrozen_id") VALUES (11,1,'ZG-9','zjawiska wulkaniczne','2023-10-22 12:13:07','2023-11-02 18:10:03.411933',3);
INSERT INTO "rejestr_zagrozenie" ("id","zag_active","zag_skrot","zag_opis","created","last_updated","GrupaZagrozen_id") VALUES (12,1,'ZG-10','zjawiska pogodowe','2023-10-22 12:13:07','2023-11-02 18:10:17.281088',3);
INSERT INTO "rejestr_zagrozenie" ("id","zag_active","zag_skrot","zag_opis","created","last_updated","GrupaZagrozen_id") VALUES (13,1,'ZG-11','powd','2023-10-22 12:13:07','2023-11-02 18:10:28.525474',3);
INSERT INTO "rejestr_zagrozenie" ("id","zag_active","zag_skrot","zag_opis","created","last_updated","GrupaZagrozen_id") VALUES (14,1,'ZG-12','awaria systemu klimatyzacji','2023-10-22 12:13:07','2023-11-02 18:50:58.419621',4);
INSERT INTO "rejestr_zagrozenie" ("id","zag_active","zag_skrot","zag_opis","created","last_updated","GrupaZagrozen_id") VALUES (15,1,'ZG-13','awaria systemu dostawy wody','2023-10-22 12:13:07','2023-11-02 18:50:42.919428',4);
INSERT INTO "rejestr_zagrozenie" ("id","zag_active","zag_skrot","zag_opis","created","last_updated","GrupaZagrozen_id") VALUES (16,1,'ZG-14','awaria systemu ogrzewania','2023-10-22 12:13:07','2023-11-02 18:50:31.359573',4);
INSERT INTO "rejestr_zagrozenie" ("id","zag_active","zag_skrot","zag_opis","created","last_updated","GrupaZagrozen_id") VALUES (17,1,'ZG-15','utrata dostaw prdu','2023-10-22 12:13:07','2023-11-02 18:50:19.284487',4);
INSERT INTO "rejestr_zagrozenie" ("id","zag_active","zag_skrot","zag_opis","created","last_updated","GrupaZagrozen_id") VALUES (18,1,'ZG-16','awaria urzdzenia telekomunikacyjnego','2023-10-22 12:13:07','2023-11-02 18:50:05.447027',4);
INSERT INTO "rejestr_zagrozenie" ("id","zag_active","zag_skrot","zag_opis","created","last_updated","GrupaZagrozen_id") VALUES (19,1,'ZG-17','utrata dostpu do Internetu','2023-10-22 12:13:07','2023-11-02 18:49:53.133797',4);
INSERT INTO "rejestr_zagrozenie" ("id","zag_active","zag_skrot","zag_opis","created","last_updated","GrupaZagrozen_id") VALUES (20,1,'ZG-18','promieniowanie elektromagnetyczne','2023-10-22 12:13:07','2023-11-02 18:52:07.048901',5);
INSERT INTO "rejestr_zagrozenie" ("id","zag_active","zag_skrot","zag_opis","created","last_updated","GrupaZagrozen_id") VALUES (21,1,'ZG-19','promieniowanie cieplne','2023-10-22 12:13:07','2023-11-02 18:51:55.536385',5);
INSERT INTO "rejestr_zagrozenie" ("id","zag_active","zag_skrot","zag_opis","created","last_updated","GrupaZagrozen_id") VALUES (22,1,'ZG-20','impuls elektromagnetyczny','2023-10-22 12:13:07','2023-11-02 18:51:43.277390',5);
INSERT INTO "rejestr_zagrozenie" ("id","zag_active","zag_skrot","zag_opis","created","last_updated","GrupaZagrozen_id") VALUES (23,1,'ZG-21','przechwycenie sygnaw na skutek zjawiska interferencji','2023-10-22 12:13:07','2023-11-02 18:56:50.483642',6);
INSERT INTO "rejestr_zagrozenie" ("id","zag_active","zag_skrot","zag_opis","created","last_updated","GrupaZagrozen_id") VALUES (24,1,'ZG-22','szpiegostwo zdalne (robaki, konie trojaskie)','2023-10-22 12:13:07','2023-11-02 18:57:11.106662',6);
INSERT INTO "rejestr_zagrozenie" ("id","zag_active","zag_skrot","zag_opis","created","last_updated","GrupaZagrozen_id") VALUES (25,1,'ZG-23','podsuch','2023-10-22 12:13:07','2023-11-02 18:57:00.834350',6);
INSERT INTO "rejestr_zagrozenie" ("id","zag_active","zag_skrot","zag_opis","created","last_updated","GrupaZagrozen_id") VALUES (26,1,'ZG-24','kradzie nonikw lub dokumentw','2023-10-22 12:13:07','2023-11-02 18:57:23.140510',6);
INSERT INTO "rejestr_zagrozenie" ("id","zag_active","zag_skrot","zag_opis","created","last_updated","GrupaZagrozen_id") VALUES (27,1,'ZG-25','kradzie urzdzenia','2023-10-22 12:13:07','2023-11-02 18:57:53.343948',6);
INSERT INTO "rejestr_zagrozenie" ("id","zag_active","zag_skrot","zag_opis","created","last_updated","GrupaZagrozen_id") VALUES (28,1,'ZG-26','odtworzenie z powtrnie wykorzystanych lub wyrzuconych nonikw','2023-10-22 12:13:07','2023-11-02 18:57:43.152492',6);
INSERT INTO "rejestr_zagrozenie" ("id","zag_active","zag_skrot","zag_opis","created","last_updated","GrupaZagrozen_id") VALUES (29,1,'ZG-27','ujawnienie','2023-10-22 12:13:07','2023-11-02 18:56:39.132522',6);
INSERT INTO "rejestr_zagrozenie" ("id","zag_active","zag_skrot","zag_opis","created","last_updated","GrupaZagrozen_id") VALUES (30,1,'ZG-28','dane z niewiarygodnych rde','2023-10-22 12:13:07','2023-11-02 18:56:09.766792',6);
INSERT INTO "rejestr_zagrozenie" ("id","zag_active","zag_skrot","zag_opis","created","last_updated","GrupaZagrozen_id") VALUES (31,1,'ZG-29','manipulowanie urzdzeniem','2023-10-22 12:13:07','2023-11-02 18:55:55.379396',6);
INSERT INTO "rejestr_zagrozenie" ("id","zag_active","zag_skrot","zag_opis","created","last_updated","GrupaZagrozen_id") VALUES (32,1,'ZG-30','sfaszowanie oprogramowania','2023-10-22 12:13:07','2023-11-02 18:55:13.686654',6);
INSERT INTO "rejestr_zagrozenie" ("id","zag_active","zag_skrot","zag_opis","created","last_updated","GrupaZagrozen_id") VALUES (33,1,'ZG-31','detekcja umiejscowienia','2023-10-22 12:13:07','2023-11-02 18:54:42.910609',6);
INSERT INTO "rejestr_zagrozenie" ("id","zag_active","zag_skrot","zag_opis","created","last_updated","GrupaZagrozen_id") VALUES (34,1,'ZG-32','niezamykanie pomieszcze','2023-10-22 12:13:07','2023-11-02 18:54:29.386457',6);
INSERT INTO "rejestr_zagrozenie" ("id","zag_active","zag_skrot","zag_opis","created","last_updated","GrupaZagrozen_id") VALUES (35,1,'ZG-33','podgld edytowanych tekstw na ekranie monitora','2023-10-22 12:13:07','2023-11-02 18:54:13.172403',6);
INSERT INTO "rejestr_zagrozenie" ("id","zag_active","zag_skrot","zag_opis","created","last_updated","GrupaZagrozen_id") VALUES (36,1,'ZG-34','brak ochrony fizycznej stanowisk dostpowych','2023-10-22 12:13:07','2023-11-02 18:53:55.864107',6);
INSERT INTO "rejestr_zagrozenie" ("id","zag_active","zag_skrot","zag_opis","created","last_updated","GrupaZagrozen_id") VALUES (37,1,'ZG-35','braki w dokumentacji eksploatacyjnej systemw','2023-10-22 12:13:07','2023-11-02 18:53:43.879161',6);
INSERT INTO "rejestr_zagrozenie" ("id","zag_active","zag_skrot","zag_opis","created","last_updated","GrupaZagrozen_id") VALUES (38,1,'ZG-36','awaria urzdzenia','2023-10-22 12:13:07','2023-11-02 19:02:35.234339',7);
INSERT INTO "rejestr_zagrozenie" ("id","zag_active","zag_skrot","zag_opis","created","last_updated","GrupaZagrozen_id") VALUES (39,1,'ZG-37','niewaciwe funkcjonowanie urzdze','2023-10-22 12:13:07','2023-11-02 19:02:45.334936',7);
INSERT INTO "rejestr_zagrozenie" ("id","zag_active","zag_skrot","zag_opis","created","last_updated","GrupaZagrozen_id") VALUES (40,1,'ZG-38','przecienie systemu informatycznego','2023-10-22 12:13:07','2023-11-02 19:02:58.961218',7);
INSERT INTO "rejestr_zagrozenie" ("id","zag_active","zag_skrot","zag_opis","created","last_updated","GrupaZagrozen_id") VALUES (41,1,'ZG-39','niewaciwe funkcjonowanie oprogramowania','2023-10-22 12:13:07','2023-11-02 19:21:18.463793',7);
INSERT INTO "rejestr_zagrozenie" ("id","zag_active","zag_skrot","zag_opis","created","last_updated","GrupaZagrozen_id") VALUES (42,1,'ZG-40','naruszenie zdolnoci utrzymania systemu informatycznego','2023-10-22 12:13:07','2023-11-02 18:58:36.520129',7);
INSERT INTO "rejestr_zagrozenie" ("id","zag_active","zag_skrot","zag_opis","created","last_updated","GrupaZagrozen_id") VALUES (43,1,'ZG-41','nieautoryzowane uycie urzdze','2023-10-22 12:13:07','2023-11-02 19:22:05.417938',8);
INSERT INTO "rejestr_zagrozenie" ("id","zag_active","zag_skrot","zag_opis","created","last_updated","GrupaZagrozen_id") VALUES (44,1,'ZG-42','nieuprawnione kopiowanie oprogramowania','2023-10-22 12:13:07','2023-11-02 19:22:20.069704',8);
INSERT INTO "rejestr_zagrozenie" ("id","zag_active","zag_skrot","zag_opis","created","last_updated","GrupaZagrozen_id") VALUES (45,1,'ZG-43','uycie faszywego lub skopiowanego oprogramowania','2023-10-22 12:13:07','2023-11-02 19:22:32.071811',8);
INSERT INTO "rejestr_zagrozenie" ("id","zag_active","zag_skrot","zag_opis","created","last_updated","GrupaZagrozen_id") VALUES (46,1,'ZG-44','znieksztacenie danych','2023-10-22 12:13:07','2023-11-02 19:02:20.320553',8);
INSERT INTO "rejestr_zagrozenie" ("id","zag_active","zag_skrot","zag_opis","created","last_updated","GrupaZagrozen_id") VALUES (47,1,'ZG-45','nielegalne przetwarzanie danych','2023-10-22 12:13:07','2023-11-02 19:01:46.582466',8);
INSERT INTO "rejestr_zagrozenie" ("id","zag_active","zag_skrot","zag_opis","created","last_updated","GrupaZagrozen_id") VALUES (48,1,'ZG-46','pozostawienie niezabezpieczonych, otwartych aplikacji','2023-10-22 12:13:07','2023-11-02 19:01:27.799109',8);
INSERT INTO "rejestr_zagrozenie" ("id","zag_active","zag_skrot","zag_opis","created","last_updated","GrupaZagrozen_id") VALUES (49,1,'ZG-47','przeamanie hase dostpu','2023-10-22 12:13:07','2023-11-02 19:01:19.437386',8);
INSERT INTO "rejestr_zagrozenie" ("id","zag_active","zag_skrot","zag_opis","created","last_updated","GrupaZagrozen_id") VALUES (50,1,'ZG-48','usunicie czci danych','2023-10-22 12:13:07','2023-11-02 19:01:09.234491',8);
INSERT INTO "rejestr_zagrozenie" ("id","zag_active","zag_skrot","zag_opis","created","last_updated","GrupaZagrozen_id") VALUES (51,1,'ZG-49','faszowanie danych rdowych (celowe lub niewiadome na skutej nieczytelnych lub bdnych dokumentw rdowych)','2023-10-22 12:13:07','2023-11-02 19:00:59.952662',8);
INSERT INTO "rejestr_zagrozenie" ("id","zag_active","zag_skrot","zag_opis","created","last_updated","GrupaZagrozen_id") VALUES (52,1,'ZG-50','nieuprawniony dostp do danych','2023-10-22 12:13:07','2023-11-02 18:59:19.203264',8);
INSERT INTO "rejestr_zagrozenie" ("id","zag_active","zag_skrot","zag_opis","created","last_updated","GrupaZagrozen_id") VALUES (53,1,'ZG-51','bd uytkownika','2023-10-22 12:13:07','2023-11-02 19:00:44.167989',9);
INSERT INTO "rejestr_zagrozenie" ("id","zag_active","zag_skrot","zag_opis","created","last_updated","GrupaZagrozen_id") VALUES (54,1,'ZG-52','naruszenie praw','2023-10-22 12:13:07','2023-11-02 19:00:34.948425',9);
INSERT INTO "rejestr_zagrozenie" ("id","zag_active","zag_skrot","zag_opis","created","last_updated","GrupaZagrozen_id") VALUES (55,1,'ZG-53','faszowanie praw','2023-10-22 12:13:07','2023-11-02 19:00:24.802312',9);
INSERT INTO "rejestr_zagrozenie" ("id","zag_active","zag_skrot","zag_opis","created","last_updated","GrupaZagrozen_id") VALUES (56,1,'ZG-54','odmowa dziaania','2023-10-22 12:13:07','2023-11-02 19:00:12.803380',9);
INSERT INTO "rejestr_zagrozenie" ("id","zag_active","zag_skrot","zag_opis","created","last_updated","GrupaZagrozen_id") VALUES (57,1,'ZG-55','naruszenie dostpnoci personelu','2023-10-22 12:13:07','2023-11-02 19:00:02.766185',9);
INSERT INTO "rejestr_zagrozenie" ("id","zag_active","zag_skrot","zag_opis","created","last_updated","GrupaZagrozen_id") VALUES (58,1,'ZG-56','nieaktualne listy uytkownikw systemu','2023-10-22 12:13:07','2023-11-02 18:59:47.341977',9);
INSERT INTO "rejestr_zagrozenie" ("id","zag_active","zag_skrot","zag_opis","created","last_updated","GrupaZagrozen_id") VALUES (59,1,'ZG-57','podszycie si pod osb posiadajc uprawnienia uytkownika systemu','2023-10-22 12:13:07','2023-11-02 18:10:57.825967',9);
CREATE INDEX "auth_group_permissions_group_id_b120cbf9" ON "auth_group_permissions" ("group_id");
CREATE UNIQUE INDEX "auth_group_permissions_group_id_permission_id_0cd325b0_uniq" ON "auth_group_permissions" ("group_id", "permission_id");
CREATE INDEX "auth_group_permissions_permission_id_84c5c92e" ON "auth_group_permissions" ("permission_id");
CREATE INDEX "auth_permission_content_type_id_2f476e4b" ON "auth_permission" ("content_type_id");
CREATE UNIQUE INDEX "auth_permission_content_type_id_codename_01ab375a_uniq" ON "auth_permission" ("content_type_id", "codename");
CREATE INDEX "auth_user_groups_group_id_97559544" ON "auth_user_groups" ("group_id");
CREATE INDEX "auth_user_groups_user_id_6a12ed8b" ON "auth_user_groups" ("user_id");
CREATE UNIQUE INDEX "auth_user_groups_user_id_group_id_94350c0c_uniq" ON "auth_user_groups" ("user_id", "group_id");
CREATE INDEX "auth_user_user_permissions_permission_id_1fbb5f2c" ON "auth_user_user_permissions" ("permission_id");
CREATE INDEX "auth_user_user_permissions_user_id_a95ead1b" ON "auth_user_user_permissions" ("user_id");
CREATE UNIQUE INDEX "auth_user_user_permissions_user_id_permission_id_14a6b632_uniq" ON "auth_user_user_permissions" ("user_id", "permission_id");
CREATE INDEX "django_admin_log_content_type_id_c4bce8eb" ON "django_admin_log" ("content_type_id");
CREATE INDEX "django_admin_log_user_id_c564eba6" ON "django_admin_log" ("user_id");
CREATE UNIQUE INDEX "django_content_type_app_label_model_76bd3d3b_uniq" ON "django_content_type" ("app_label", "model");
CREATE INDEX "django_session_expire_date_a5c62663" ON "django_session" ("expire_date");
CREATE INDEX "rejestr_administratorzy_adm_czynnoscp_id_df157f8d" ON "rejestr_administratorzy" ("adm_czynnoscp_id");
CREATE INDEX "rejestr_administratorzy_adm_organizacja_id_0e367a99" ON "rejestr_administratorzy" ("adm_organizacja_id");
CREATE INDEX "rejestr_czynnosciprzetwarzania_czp_czynnoscp_id_9e8f065e" ON "rejestr_czynnosciprzetwarzania" ("czp_czynnoscp_id");
CREATE INDEX "rejestr_czynnosciprzetwarzania_czp_komorka_id_021d21f1" ON "rejestr_czynnosciprzetwarzania" ("czp_komorka_id");
CREATE INDEX "rejestr_czynnoscprzetwarzania_OkresRetencji_id_13dfaa79" ON "rejestr_czynnoscprzetwarzania" ("OkresRetencji_id");
CREATE INDEX "rejestr_czynnoscprzetwarzania_Rejestr_id_d0895dfd" ON "rejestr_czynnoscprzetwarzania" ("Rejestr_id");
CREATE INDEX "rejestr_kategoriedanych_ktd_czynnoscp_id_ca2ff0a9" ON "rejestr_kategoriedanych" ("ktd_czynnoscp_id");
CREATE INDEX "rejestr_kategoriedanych_ktd_dane_id_4a6e6db4" ON "rejestr_kategoriedanych" ("ktd_dane_id");
CREATE INDEX "rejestr_kategorieodbiorcow_kob_czynnoscp_id_129ee838" ON "rejestr_kategorieodbiorcow" ("kob_czynnoscp_id");
CREATE INDEX "rejestr_kategorieodbiorcow_kob_odbiorcy_id_396bbf32" ON "rejestr_kategorieodbiorcow" ("kob_odbiorcy_id");
CREATE INDEX "rejestr_kategorieosob_kos_czynnoscp_id_f0504f5d" ON "rejestr_kategorieosob" ("kos_czynnoscp_id");
CREATE INDEX "rejestr_kategorieosob_kos_kosoby_id_8b1f4e6a" ON "rejestr_kategorieosob" ("kos_kosoby_id");
CREATE INDEX "rejestr_komorka_Organizacja_id_593c0e24" ON "rejestr_komorka" ("Organizacja_id");
CREATE INDEX "rejestr_operacjeprzetwarzania_opp_czynnoscp_id_96f52655" ON "rejestr_operacjeprzetwarzania" ("opp_czynnoscp_id");
CREATE INDEX "rejestr_operacjeprzetwarzania_opp_operacjap_id_8f7791f4" ON "rejestr_operacjeprzetwarzania" ("opp_operacjap_id");
CREATE INDEX "rejestr_podatnosc_Zagrozenia_podatnosc_id_b1ed8912" ON "rejestr_podatnosc_Zagrozenia" ("podatnosc_id");
CREATE UNIQUE INDEX "rejestr_podatnosc_Zagrozenia_podatnosc_id_zagrozenie_id_5f7426ef_uniq" ON "rejestr_podatnosc_Zagrozenia" ("podatnosc_id", "zagrozenie_id");
CREATE INDEX "rejestr_podatnosc_Zagrozenia_zagrozenie_id_bf9ee045" ON "rejestr_podatnosc_Zagrozenia" ("zagrozenie_id");
CREATE INDEX "rejestr_podmiotyprzetwarzajace_pod_czynnoscp_id_b0d78101" ON "rejestr_podmiotyprzetwarzajace" ("pod_czynnoscp_id");
CREATE INDEX "rejestr_podmiotyprzetwarzajace_pod_organizacja_id_6bbf6580" ON "rejestr_podmiotyprzetwarzajace" ("pod_organizacja_id");
CREATE INDEX "rejestr_podstawyprawneprzetwarzania_ppy_czynnosc_id_d4786455" ON "rejestr_podstawyprawneprzetwarzania" ("ppy_czynnosc_id");
CREATE INDEX "rejestr_podstawyprawneprzetwarzania_ppy_podst_id_9b56f683" ON "rejestr_podstawyprawneprzetwarzania" ("ppy_podst_id");
CREATE INDEX "rejestr_przeslankilegalnosci_ppl_czynnoscp_id_153043f0" ON "rejestr_przeslankilegalnosci" ("ppl_czynnoscp_id");
CREATE INDEX "rejestr_przeslankilegalnosci_ppl_przeslankap_id_c85b5836" ON "rejestr_przeslankilegalnosci" ("ppl_przeslankap_id");
CREATE INDEX "rejestr_rejestr_Organizacja_id_fc776403" ON "rejestr_rejestr" ("Organizacja_id");
CREATE INDEX "rejestr_ryzyko_Zabezpieczenia_ryzyko_id_dd454967" ON "rejestr_ryzyko_Zabezpieczenia" ("ryzyko_id");
CREATE UNIQUE INDEX "rejestr_ryzyko_Zabezpieczenia_ryzyko_id_zabezpieczenie_id_707b410c_uniq" ON "rejestr_ryzyko_Zabezpieczenia" ("ryzyko_id", "zabezpieczenie_id");
CREATE INDEX "rejestr_ryzyko_Zabezpieczenia_zabezpieczenie_id_b990a709" ON "rejestr_ryzyko_Zabezpieczenia" ("zabezpieczenie_id");
CREATE INDEX "rejestr_ryzyko_Zagrozenie_id_22fb98c9" ON "rejestr_ryzyko" ("Zagrozenie_id");
CREATE INDEX "rejestr_ryzyko_ZakresOddzialywania_ryzyko_id_4bdca080" ON "rejestr_ryzyko_ZakresOddzialywania" ("ryzyko_id");
CREATE UNIQUE INDEX "rejestr_ryzyko_ZakresOddzialywania_ryzyko_id_zakresoddzialywania_id_bb55b7c1_uniq" ON "rejestr_ryzyko_ZakresOddzialywania" ("ryzyko_id", "zakresoddzialywania_id");
CREATE INDEX "rejestr_ryzyko_ZakresOddzialywania_zakresoddzialywania_id_9c7cab0f" ON "rejestr_ryzyko_ZakresOddzialywania" ("zakresoddzialywania_id");
CREATE INDEX "rejestr_sposobyprzetwarzania_spp_czynnoscp_id_6c899e1b" ON "rejestr_sposobyprzetwarzania" ("spp_czynnoscp_id");
CREATE INDEX "rejestr_sposobyprzetwarzania_spp_sposobp_id_692795bc" ON "rejestr_sposobyprzetwarzania" ("spp_sposobp_id");
CREATE INDEX "rejestr_wspoladministratorzy_wad_czynnoscp_id_a1e97ec2" ON "rejestr_wspoladministratorzy" ("wad_czynnoscp_id");
CREATE INDEX "rejestr_wspoladministratorzy_wad_organizacja_id_8c5af8e5" ON "rejestr_wspoladministratorzy" ("wad_organizacja_id");
CREATE INDEX "rejestr_wysokieryzyka_wrr_czynnoscp_id_7774fe5a" ON "rejestr_wysokieryzyka" (
	"wrr_czynnoscp_id"
);
CREATE INDEX "rejestr_wysokieryzyka_wrr_wryzyka_id_e048947a" ON "rejestr_wysokieryzyka" (
	"wrr_wryzyka_id"
);
CREATE INDEX "rejestr_zabezpieczenie_GrupyZabezpieczen_grupazabezpieczen_id_bff4fa8b" ON "rejestr_zabezpieczenie_GrupyZabezpieczen" ("grupazabezpieczen_id");
CREATE INDEX "rejestr_zabezpieczenie_GrupyZabezpieczen_zabezpieczenie_id_ee9b8acc" ON "rejestr_zabezpieczenie_GrupyZabezpieczen" ("zabezpieczenie_id");
CREATE UNIQUE INDEX "rejestr_zabezpieczenie_GrupyZabezpieczen_zabezpieczenie_id_grupazabezpieczen_id_f61a7364_uniq" ON "rejestr_zabezpieczenie_GrupyZabezpieczen" ("zabezpieczenie_id", "grupazabezpieczen_id");
CREATE INDEX "rejestr_zabezpieczenie_Odpowiedzialni_organizacja_id_0a9e5a55" ON "rejestr_zabezpieczenie_Odpowiedzialni" ("organizacja_id");
CREATE INDEX "rejestr_zabezpieczenie_Odpowiedzialni_zabezpieczenie_id_c3e86d55" ON "rejestr_zabezpieczenie_Odpowiedzialni" ("zabezpieczenie_id");
CREATE UNIQUE INDEX "rejestr_zabezpieczenie_Odpowiedzialni_zabezpieczenie_id_organizacja_id_58cf9c05_uniq" ON "rejestr_zabezpieczenie_Odpowiedzialni" ("zabezpieczenie_id", "organizacja_id");
CREATE INDEX "rejestr_zagrozenie_GrupaZagrozen_id_461846a3" ON "rejestr_zagrozenie" ("GrupaZagrozen_id");
COMMIT;
